Contest Year,R/O,Country,Artist,Song,Language,Points,Place
1956,1,Netherlands,Jetty Paerl,"""De vogels van Holland""",Dutch
1956,2,Switzerland,Lys Assia,"""Das alte Karussell""",German
1956,3,Belgium,Fud Leclerc,"""Messieurs les noyés de la Seine""",French
1956,4,Germany,Walter Andreas Schwarz,"""Im Wartesaal zum großen Glück""",German
1956,5,France,Mathé Altéry,"""Le temps perdu""",French
1956,6,Luxembourg,Michèle Arnaud,"""Ne crois pas""",French
1956,7,Italy,Franca Raimondi,"""Aprite le finestre""",Italian
1956,8,Netherlands,Corry Brokken,"""Voorgoed voorbij""",Dutch
1956,9,Switzerland,Lys Assia,"""Refrain""",French
1956,10,Belgium,Mony Marc,"""Le plus beau jour de ma vie""",French
1956,11,Germany,Freddy Quinn,"""So geht das jede Nacht""",German
1956,12,France,Dany Dauberson,"""Il est là""",French
1956,13,Luxembourg,Michèle Arnaud,"""Les amants de minuit""",French
1956,14,Italy,Tonina Torrielli,"""Amami se vuoi""",Italian
1957,1,Belgium,Bobbejaan Schoepen,"""Straatdeuntje""",Dutch,5,8
1957,2,Luxembourg,Danièle Dupré,"""Amours mortes (tant de peine)""",French,8,4
1957,3,United Kingdom,Patricia Bredin,"""All""",English,6,7
1957,4,Italy,Nunzio Gallo,"""Corde della mia chitarra""",Italian,7,6
1957,5,Austria,Bob Martin,"""Wohin, kleines Pony?""",German,3,10
1957,6,Netherlands,Corry Brokken,"""Net als toen""",Dutch,31,1
1957,7,Germany,Margot Hielscher,"""Telefon, Telefon""",German,8,4
1957,8,France,Paule Desjardins,"""La belle amour""",French,17,2
1957,9,Denmark,Birthe Wilke and Gustav Winckler,"""Skibet skal sejle i nat""",Danish,10,3
1957,10,Switzerland,Lys Assia,"""L'enfant que j'étais""",French,5,8
1958,1,Italy,Domenico Modugno,"""Nel blu, dipinto di blu""",Italian,13,3
1958,2,Netherlands,Corry Brokken,"""Heel de wereld""",Dutch,1,9
1958,3,France,André Claveau,"""Dors, mon amour""",French,27,1
1958,4,Luxembourg,Solange Berry,"""Un grand amour""",French,1,9
1958,5,Sweden,Alice Babs,"""Lilla stjärna""",Swedish,10,4
1958,6,Denmark,Raquel Rastenni,"""Jeg rev et blad ud af min dagbog""",Danish,3,8
1958,7,Belgium,Fud Leclerc,"""Ma petite chatte""",French,8,5
1958,8,Germany,Margot Hielscher,"""Für zwei Groschen Musik""",German,5,7
1958,9,Austria,Liane Augustin,"""Die ganze Welt braucht Liebe""",German,8,5
1958,10,Switzerland,Lys Assia,"""Giorgio""","German, Italian",24,2
1959,1,France,Jean Philippe,"""Oui, oui, oui, oui""",French,15,3
1959,2,Denmark,Birthe Wilke,"""Uh, jeg ville ønske jeg var dig""",Danish,12,5
1959,3,Italy,Domenico Modugno,"""Piove (Ciao, ciao bambina)""",Italian,9,6
1959,4,Monaco,Jacques Pills,"""Mon ami Pierrot""",French,1,11
1959,5,Netherlands,Teddy Scholten,"""Een beetje""",Dutch,21,1
1959,6,Germany,Alice and Ellen Kessler,"""Heute Abend wollen wir tanzen geh'n""",German,5,8
1959,7,Sweden,Brita Borg,"""Augustin""",Swedish,4,9
1959,8,Switzerland,Christa Williams,"""Irgendwoher""",German,14,4
1959,9,Austria,Ferry Graf,"""Der K und K Kalypso aus Wien""",German,4,9
1959,10,United Kingdom,Pearl Carr and Teddy Johnson,"""Sing, Little Birdie""",English,16,2
1959,11,Belgium,Bob Benny,"""Hou toch van mij""",Dutch,9,6
1960,1,United Kingdom,Bryan Johnson,"""Looking High, High, High""",English,25,2
1960,2,Sweden,Siw Malmkvist,"""Alla andra får varann""",Swedish,4,10
1960,3,Luxembourg,Camillo Felgen,"""So laang we's du do bast""",Luxembourgish,1,13
1960,4,Denmark,Katy Bødtger,"""Det var en yndig tid""",Danish,4,10
1960,5,Belgium,Fud Leclerc,"""Mon amour pour toi""",French,9,6
1960,6,Norway,Nora Brockstedt,"""Voi Voi""",Norwegian,11,4
1960,7,Austria,Harry Winter,"""Du hast mich so fasziniert""",German,6,7
1960,8,Monaco,François Deguelt,"""Ce soir-là""",French,15,3
1960,9,Switzerland,Anita Traversi,"""Cielo e terra""",Italian,5,8
1960,10,Netherlands,Rudi Carrell,"""Wat een geluk""",Dutch,2,12
1960,11,Germany,Wyn Hoop,"""Bonne nuit ma chérie""",German,11,4
1960,12,Italy,Renato Rascel,"""Romantica""",Italian,5,8
1960,13,France,Jacqueline Boyer,"""Tom Pillibi""",French,32,1
1961,1,Spain,Conchita Bautista,"""Estando contigo""",Spanish,8,9
1961,2,Monaco,Colette Deréal,"""Allons, allons les enfants""",French,6,10
1961,3,Austria,Jimmy Makulis,"""Sehnsucht""",German,1,15
1961,4,Finland,Laila Kinnunen,"""Valoa ikkunassa""",Finnish,6,10
1961,5,Yugoslavia,Ljiljana Petrović,"""Neke davne zvezde"" (Неке давне звезде)",Serbo-Croatian,9,8
1961,6,Netherlands,Greetje Kauffeld,"""Wat een dag""",Dutch,6,10
1961,7,Sweden,Lill-Babs,"""April, april""",Swedish,2,14
1961,8,Germany,Lale Andersen,"""Einmal sehen wir uns wieder""","German, French",3,13
1961,9,France,Jean-Paul Mauric,"""Printemps, avril carillonne""",French,13,4
1961,10,Switzerland,Franca di Rienzo,"""Nous aurons demain""",French,16,3
1961,11,Belgium,Bob Benny,"""September, gouden roos""",Dutch,1,15
1961,12,Norway,Nora Brockstedt,"""Sommer i Palma""",Norwegian,10,7
1961,13,Denmark,Dario Campeotto,"""Angelique""",Danish,12,5
1961,14,Luxembourg,Jean-Claude Pascal,"""Nous les amoureux""",French,31,1
1961,15,United Kingdom,The Allisons,"""Are You Sure?""",English,24,2
1961,16,Italy,Betty Curtis,"""Al di là""",Italian,12,5
1962,1,Finland,Marion Rung,"""Tipi-tii""",Finnish,4,7
1962,2,Belgium,Fud Leclerc,"""Ton nom""",French,0,13
1962,3,Spain,Victor Balaguer,"""Llámame""",Spanish,0,13
1962,4,Austria,Eleonore Schwarz,"""Nur in der Wiener Luft""",German,0,13
1962,5,Denmark,Ellen Winther,"""Vuggevise""",Danish,2,10
1962,6,Sweden,Inger Berggren,"""Sol och vår""",Swedish,4,7
1962,7,Germany,Conny Froboess,"""Zwei kleine Italiener""",German,9,6
1962,8,Netherlands,De Spelbrekers,"""Katinka""",Dutch,0,13
1962,9,France,Isabelle Aubret,"""Un premier amour""",French,26,1
1962,10,Norway,Inger Jacobsen,"""Kom sol, kom regn""",Norwegian,2,10
1962,11,Switzerland,Jean Philippe,"""Le retour""",French,2,10
1962,12,Yugoslavia,Lola Novaković,"""Ne pali svetla u sumrak"" (Не пали светла у сумрак)",Serbo-Croatian,10,4
1962,13,United Kingdom,Ronnie Carroll,"""Ring-a-Ding Girl""",English,10,4
1962,14,Luxembourg,Camillo Felgen,"""Petit bonhomme""",French,11,3
1962,15,Italy,Claudio Villa,"""Addio, addio""",Italian,3,9
1962,16,Monaco,François Deguelt,"""Dis rien""",French,13,2
1963,1,United Kingdom,Ronnie Carroll,"""Say Wonderful Things""",English,28,4
1963,2,Netherlands,Annie Palmen,"""Een speeldoos""",Dutch,0,13
1963,3,Germany,Heidi Brühl,"""Marcel""",German,5,9
1963,4,Austria,Carmela Corren,"""Vielleicht geschieht ein Wunder""","German, English",16,7
1963,5,Norway,Anita Thallaug,"""Solhverv""",Norwegian,0,13
1963,6,Italy,Emilio Pericoli,"""Uno per tutte""",Italian,37,3
1963,7,Finland,Laila Halme,"""Muistojeni laulu""",Finnish,0,13
1963,8,Denmark,Grethe and Jørgen Ingmann,"""Dansevise""",Danish,42,1
1963,9,Yugoslavia,Vice Vukov,"""Brodovi"" (Бродови)",Serbo-Croatian,3,11
1963,10,Switzerland,Esther Ofarim,"""T'en va pas""",French,40,2
1963,11,France,Alain Barrière,"""Elle était si jolie""",French,25,5
1963,12,Spain,José Guardiola,"""Algo prodigioso""",Spanish,2,12
1963,13,Sweden,Monica Zetterlund,"""En gång i Stockholm""",Swedish,0,13
1963,14,Belgium,Jacques Raymond,"""Waarom?""",Dutch,4,10
1963,15,Monaco,Françoise Hardy,"""L'amour s'en va""",French,25,5
1963,16,Luxembourg,Nana Mouskouri,"""À force de prier""",French,13,8
1964,1,Luxembourg,Hugues Aufray,"""Dès que le printemps revient""",French,14,4
1964,2,Netherlands,Anneke Grönloh,"""Jij bent mijn leven""",Dutch,2,10
1964,3,Norway,Arne Bendiksen,"""Spiral""",Norwegian,6,8
1964,4,Denmark,Bjørn Tidmand,"""Sangen om dig""",Danish,4,9
1964,5,Finland,Lasse Mårtenson,"""Laiskotellen""",Finnish,9,7
1964,6,Austria,Udo Jürgens,"""Warum nur, warum?""",German,11,6
1964,7,France,Rachel,"""Le Chant de Mallory""",French,14,4
1964,8,United Kingdom,Matt Monro,"""I Love the Little Things""",English,17,2
1964,9,Germany,Nora Nova,"""Man gewöhnt sich so schnell an das Schöne""",German,0,13
1964,10,Monaco,Romuald,"""Où sont-elles passées""",French,15,3
1964,11,Portugal,António Calvário,"""Oração""",Portuguese,0,13
1964,12,Italy,Gigliola Cinquetti,"""Non ho l'età""",Italian,49,1
1964,13,Yugoslavia,Sabahudin Kurt,"""Život je sklopio krug"" (Живот је склопио круг)",Serbo-Croatian,0,13
1964,14,Switzerland,Anita Traversi,"""I miei pensieri""",Italian,0,13
1964,15,Belgium,Robert Cogoi,"""Près de ma rivière""",French,2,10
1964,16,Spain,"Tim, Nelly and Tony","""Caracola""",Spanish,1,12
1965,1,Netherlands,Conny Vandenbos,"""'t Is genoeg""",Dutch,5,11
1965,2,United Kingdom,Kathy Kirby,"""I Belong""",English,26,2
1965,3,Spain,Conchita Bautista,"""¡Qué bueno, qué bueno!""",Spanish,0,15
1965,4,Ireland,Butch Moore,"""Walking the Streets in the Rain""",English,11,6
1965,5,Germany,Ulla Wiesner,"""Paradies, wo bist du?""",German,0,15
1965,6,Austria,Udo Jürgens,"""Sag ihr, ich lass sie grüßen""",German,16,4
1965,7,Norway,Kirsti Sparboe,"""Karusell""",Norwegian,1,13
1965,8,Belgium,Lize Marke,"""Als het weer lente is""",Dutch,0,15
1965,9,Monaco,Marjorie Noël,"""Va dire à l'amour""",French,7,9
1965,10,Sweden,Ingvar Wixell,"""Absent Friend""",English,6,10
1965,11,France,Guy Mardel,"""N'avoue jamais""",French,22,3
1965,12,Portugal,Simone de Oliveira,"""Sol de inverno""",Portuguese,1,13
1965,13,Italy,Bobby Solo,"""Se piangi, se ridi""",Italian,15,5
1965,14,Denmark,Birgit Brüel,"""For din skyld""",Danish,10,7
1965,15,Luxembourg,France Gall,"""Poupée de cire, poupée de son""",French,32,1
1965,16,Finland,Viktor Klimenko,"""Aurinko laskee länteen""",Finnish,0,15
1965,17,Yugoslavia,Vice Vukov,"""Čežnja"" (Чежња)",Serbo-Croatian,2,12
1965,18,Switzerland,Yovanna,"""Non, à jamais sans toi""",French,8,8
1966,1,Germany,Margot Eskens,"""Die Zeiger der Uhr""",German,7,10
1966,2,Denmark,Ulla Pia,"""Stop – mens legen er go'""",Danish,4,14
1966,3,Belgium,Tonia,"""Un peu de poivre, un peu de sel""",French,14,4
1966,4,Luxembourg,Michèle Torr,"""Ce soir je t'attendais""",French,7,10
1966,5,Yugoslavia,Berta Ambrož,"""Brez besed""",Slovene,9,7
1966,6,Norway,Åse Kleveland,"""Intet er nytt under solen""",Norwegian,15,3
1966,7,Finland,Ann-Christine Nyström,"""Playboy""",Finnish,7,10
1966,8,Portugal,Madalena Iglésias,"""Ele e ela""",Portuguese,6,13
1966,9,Austria,Udo Jürgens,"""Merci, Chérie""",German,31,1
1966,10,Sweden,Lill Lindfors and Svante Thuresson,"""Nygammal vals""",Swedish,16,2
1966,11,Spain,Raphael,"""Yo soy aquél""",Spanish,9,7
1966,12,Switzerland,Madeleine Pascal,"""Ne vois-tu pas ?""",French,12,6
1966,13,Monaco,Téréza,"""Bien plus fort""",French,0,17
1966,14,Italy,Domenico Modugno,"""Dio, come ti amo""",Italian,0,17
1966,15,France,Dominique Walter,"""Chez nous""",French,1,16
1966,16,Netherlands,Milly Scott,"""Fernando en Filippo""",Dutch,2,15
1966,17,Ireland,Dickie Rock,"""Come Back to Stay""",English,14,4
1966,18,United Kingdom,Kenneth McKellar,"""A Man Without Love""",English,8,9
1967,1,Netherlands,Thérèse Steinmetz,"""Ring-dinge-ding""",Dutch,2,14
1967,2,Luxembourg,Vicky,"""L'amour est bleu""",French,17,4
1967,3,Austria,Peter Horten,"""Warum es hunderttausend Sterne gibt""",German,2,14
1967,4,France,Noëlle Cordier,"""Il doit faire beau là-bas""",French,20,3
1967,5,Portugal,Eduardo Nascimento,"""O vento mudou""",Portuguese,3,12
1967,6,Switzerland,Géraldine,"""Quel cœur vas-tu briser ?""",French,0,17
1967,7,Sweden,Östen Warnerbring,"""Som en dröm""",Swedish,7,8
1967,8,Finland,Fredi,"""Varjoon – suojaan""",Finnish,3,12
1967,9,Germany,Inge Brück,"""Anouschka""",German,7,8
1967,10,Belgium,Louis Neefs,"""Ik heb zorgen""",Dutch,8,7
1967,11,United Kingdom,Sandie Shaw,"""Puppet on a String""",English,47,1
1967,12,Spain,Raphael,"""Hablemos del amor""",Spanish,9,6
1967,13,Norway,Kirsti Sparboe,"""Dukkemann""",Norwegian,2,14
1967,14,Monaco,Minouche Barelli,"""Boum-Badaboum""",French,10,5
1967,15,Yugoslavia,Lado Leskovar,"""Vse rože sveta""",Slovene,7,8
1967,16,Italy,Claudio Villa,"""Non andare più lontano""",Italian,4,11
1967,17,Ireland,Sean Dunphy,"""If I Could Choose""",English,22,2
1968,1,Portugal,Carlos Mendes,"""Verão""",Portuguese,5,11
1968,2,Netherlands,Ronnie Tober,"""Morgen""",Dutch,1,16
1968,3,Belgium,Claude Lombard,"""Quand tu reviendras""",French,8,7
1968,4,Austria,Karel Gott,"""Tausend Fenster""",German,2,13
1968,5,Luxembourg,Chris Baldo and Sophie Garel,"""Nous vivrons d'amour""",French,5,11
1968,6,Switzerland,Gianni Mascolo,"""Guardando il sole""",Italian,2,13
1968,7,Monaco,Line and Willy,"""À chacun sa chanson""",French,8,7
1968,8,Sweden,Claes-Göran Hederström,"""Det börjar verka kärlek, banne mig""",Swedish,15,5
1968,9,Finland,Kristina Hautala,"""Kun kello käy""",Finnish,1,16
1968,10,France,Isabelle Aubret,"""La source""",French,20,3
1968,11,Italy,Sergio Endrigo,"""Marianne""",Italian,7,10
1968,12,United Kingdom,Cliff Richard,"""Congratulations""",English,28,2
1968,13,Norway,Odd Børre,"""Stress""",Norwegian,2,13
1968,14,Ireland,Pat McGeegan,"""Chance of a Lifetime""",English,18,4
1968,15,Spain,Massiel,"""La, la, la""",Spanish,29,1
1968,16,Germany,Wencke Myrhe,"""Ein Hoch der Liebe""",German,11,6
1968,17,Yugoslavia,Luci Capurso and Hamo Hajdarhodžić,"""Jedan dan"" (Један дан)",Serbo-Croatian,8,7
1969,1,Yugoslavia,Ivan and 4M,"""Pozdrav svijetu"" (Поздрав свијету)",Serbo-Croatian,5,13
1969,2,Luxembourg,Romuald,"""Catherine""",French,7,11
1969,3,Spain,Salomé,"""Vivo cantando""",Spanish,18,1
1969,4,Monaco,Jean Jacques,"""Maman, maman""",French,11,6
1969,5,Ireland,Muriel Day and the Lindsays,"""The Wages of Love""",English,10,7
1969,6,Italy,Iva Zanicchi,"""Due grosse lacrime bianche""",Italian,5,13
1969,7,United Kingdom,Lulu,"""Boom Bang-a-Bang""",English,18,1
1969,8,Netherlands,Lenny Kuhr,"""De troubadour""",Dutch,18,1
1969,9,Sweden,Tommy Körberg,"""Judy, min vän""",Swedish,8,9
1969,10,Belgium,Louis Neefs,"""Jennifer Jennings""",Dutch,10,7
1969,11,Switzerland,Paola del Medico,"""Bonjour, Bonjour""",German,13,5
1969,12,Norway,Kirsti Sparboe,"""Oj, oj, oj, så glad jeg skal bli""",Norwegian,1,16
1969,13,Germany,Siw Malmkvist,"""Primaballerina""",German,8,9
1969,14,France,Frida Boccara,"""Un jour, un enfant""",French,18,1
1969,15,Portugal,Simone de Oliveira,"""Desfolhada portuguesa""",Portuguese,4,15
1969,16,Finland,Jarkko and Laura,"""Kuin silloin ennen""",Finnish,6,12
1970,1,Netherlands,Patricia and Hearts of Soul,"""Waterman""",Dutch,7,7
1970,2,Switzerland,Henri Dès,"""Retour""",French,8,4
1970,3,Italy,Gianni Morandi,"""Occhi di ragazza""",Italian,5,8
1970,4,Yugoslavia,Eva Sršen,"""Pridi, dala ti bom cvet""",Slovene,4,11
1970,5,Belgium,Jean Vallée,"""Viens l'oublier""",French,5,8
1970,6,France,Guy Bonnet,"""Marie-Blanche""",French,8,4
1970,7,United Kingdom,Mary Hopkin,"""Knock, Knock Who's There?""",English,26,2
1970,8,Luxembourg,David Alexandre Winter,"""Je suis tombé du ciel""",French,0,12
1970,9,Spain,Julio Iglesias,"""Gwendolyne""",Spanish,8,4
1970,10,Monaco,Dominique Dussault,"""Marlène""",French,5,8
1970,11,Germany,Katja Ebstein,"""Wunder gibt es immer wieder""",German,12,3
1970,12,Ireland,Dana,"""All Kinds of Everything""",English,32,1
1971,1,Austria,Marianne Mendt,"""Musik""",Viennese German,66,16
1971,2,Malta,Joe Grech,"""Marija l-Maltija""",Maltese,52,18
1971,3,Monaco,Séverine,"""Un banc, un arbre, une rue""",French,128,1
1971,4,Switzerland,"Peter, Sue and Marc","""Les Illusions de nos vingt ans""",French,78,12
1971,5,Germany,Katja Ebstein,"""Diese Welt""",German,100,3
1971,6,Spain,Karina,"""En un mundo nuevo""",Spanish,116,2
1971,7,France,Serge Lama,"""Un jardin sur la terre""",French,82,10
1971,8,Luxembourg,Monique Melsen,"""Pomme, pomme, pomme""",French,70,13
1971,9,United Kingdom,Clodagh Rodgers,"""Jack in the Box""",English,98,4
1971,10,Belgium,Lily Castel and Jacques Raymond,"""Goeiemorgen, morgen""",Dutch,68,14
1971,11,Italy,Massimo Ranieri,"""L'amore è un attimo""",Italian,91,5
1971,12,Sweden,Family Four,"""Vita vidder""",Swedish,85,6
1971,13,Ireland,Angela Farrell,"""One Day Love""",English,79,11
1971,14,Netherlands,Saskia and Serge,"""Tijd""",Dutch,85,6
1971,15,Portugal,Tonicha,"""Menina do alto da serra""",Portuguese,83,9
1971,16,Yugoslavia,Krunoslav Slabinac,"""Tvoj dječak je tužan"" (Твој дјечак је тужан)",Serbo-Croatian,68,14
1971,17,Finland,Markku Aro and Koivistolaiset,"""Tie uuteen päivään""",Finnish,84,8
1971,18,Norway,Hanne Krogh,"""Lykken er""",Norwegian,65,17
1972,1,Germany,Mary Roos,"""Nur die Liebe läßt uns leben""",German,107,3
1972,2,France,Betty Mars,"""Comé-comédie""",French,81,11
1972,3,Ireland,Sandie Jones,"""Ceol an Ghrá""",Irish,72,15
1972,4,Spain,Jaime Morey,"""Amanece""",Spanish,83,10
1972,5,United Kingdom,The New Seekers,"""Beg, Steal or Borrow""",English,114,2
1972,6,Norway,Grethe Kausland and Benny Borg,"""Småting""",Norwegian,73,14
1972,7,Portugal,Carlos Mendes,"""A festa da vida""",Portuguese,90,7
1972,8,Switzerland,Véronique Müller,"""C'est la chanson de mon amour""",French,88,8
1972,9,Malta,Helen and Joseph,"""L-imħabba""",Maltese,48,18
1972,10,Finland,Päivi Paunu and Kim Floor,"""Muistathan""",Finnish,78,12
1972,11,Austria,Milestones,"""Falter im Wind""",German,100,5
1972,12,Italy,Nicola Di Bari,"""I giorni dell'arcobaleno""",Italian,92,6
1972,13,Yugoslavia,Tereza Kesovija,"""Muzika i ti"" (Музика и ти)",Serbo-Croatian,87,9
1972,14,Sweden,Family Four,"""Härliga sommardag""",Swedish,75,13
1972,15,Monaco,Anne-Marie Godart and Peter MacLane,"""Comme on s'aime""",French,65,16
1972,16,Belgium,Serge and Christine Ghisoland,"""À la folie ou pas du tout""",French,55,17
1972,17,Luxembourg,Vicky Leandros,"""Après toi""",French,128,1
1972,18,Netherlands,Sandra and Andres,"""Als het om de liefde gaat""",Dutch,106,4
1973,1,Finland,Marion Rung,"""Tom Tom Tom""",English,93,6
1973,2,Belgium,Nicole and Hugo,"""Baby, Baby""",Dutch,58,17
1973,3,Portugal,Fernando Tordo,"""Tourada""",Portuguese,80,10
1973,4,Germany,Gitte,"""Junger Tag""",German,85,8
1973,5,Norway,Bendik Singers,"""It's Just a Game""","English, French",89,7
1973,6,Monaco,Marie,"""Un train qui part""",French,85,8
1973,7,Spain,Mocedades,"""Eres tú""",Spanish,125,2
1973,8,Switzerland,Patrick Juvet,"""Je vais me marier, Marie""",French,79,12
1973,9,Yugoslavia,Zdravko Čolić,"""Gori vatra"" (Гори ватра)",Serbo-Croatian,65,15
1973,10,Italy,Massimo Ranieri,"""Chi sarà con te""",Italian,74,13
1973,11,Luxembourg,Anne-Marie David,"""Tu te reconnaîtras""",French,129,1
1973,12,Sweden,The Nova and the Dolls,"""You're Summer""",English,94,5
1973,13,Netherlands,Ben Cramer,"""De oude muzikant""",Dutch,69,14
1973,14,Ireland,Maxi,"""Do I Dream""",English,80,10
1973,15,United Kingdom,Cliff Richard,"""Power to All Our Friends""",English,123,3
1973,16,France,Martine Clémenceau,"""Sans toi""",French,65,15
1973,17,Israel,Ilanit,"""Ey Sham"" (אי שם)",Hebrew,97,4
1974,1,Finland,Carita,"""Keep Me Warm""",English,4,13
1974,2,United Kingdom,Olivia Newton-John,"""Long Live Love""",English,14,4
1974,3,Spain,Peret,"""Canta y sé feliz""",Spanish,10,9
1974,4,Norway,Anne-Karine Strøm and the Bendik Singers,"""The First Day of Love""",English,3,14
1974,5,Greece,Marinella,"""Krasi, thalassa ke t' agori mou""(Κρασί, θάλασσα και τ' αγόρι μου)",Greek,7,11
1974,6,Israel,Poogy,"""Natati La Khayay"" (נתתי לה חיי)",Hebrew,11,7
1974,7,Yugoslavia,Korni Grupa,"""Generacija '42"" (Генерација '42)",Serbo-Croatian,6,12
1974,8,Sweden,ABBA,"""Waterloo""",English,24,1
1974,9,Luxembourg,Ireen Sheer,"""Bye Bye I Love You""",French,14,4
1974,10,Monaco,Romuald,"""Celui qui reste et celui qui s'en va""",French,14,4
1974,11,Belgium,Jacques Hustin,"""Fleur de liberté""",French,10,9
1974,12,Netherlands,Mouth and MacNeal,"""I See a Star""",English,15,3
1974,13,Ireland,Tina Reynolds,"""Cross Your Heart""",English,11,7
1974,14,Germany,Cindy and Bert,"""Die Sommermelodie""",German,3,14
1974,15,Switzerland,Piera Martell,"""Mein Ruf nach dir""",German,3,14
1974,16,Portugal,Paulo de Carvalho,"""E depois do adeus""",Portuguese,3,14
1974,17,Italy,Gigliola Cinquetti,"""Sì""",Italian,18,2
1975,1,Netherlands,Teach-In,"""Ding-a-dong""",English,152,1
1975,2,Ireland,The Swarbriggs,"""That's What Friends Are For""",English,68,9
1975,3,France,Nicole Rieu,"""Et bonjour à toi l'artiste""",French,91,4
1975,4,Germany,Joy Fleming,"""Ein Lied kann eine Brücke sein""","German, English",15,17
1975,5,Luxembourg,Géraldine,"""Toi""",French,84,5
1975,6,Norway,Ellen Nikolaysen,"""Touch My Life (with Summer)""",English,11,18
1975,7,Switzerland,Simone Drexel,"""Mikado""",German,77,6
1975,8,Yugoslavia,Pepel in kri,"""Dan ljubezni""",Slovene,22,13
1975,9,United Kingdom,The Shadows,"""Let Me Be the One""",English,138,2
1975,10,Malta,Renato,"""Singing This Song""",English,32,12
1975,11,Belgium,Ann Christy,"""Gelukkig zijn""","Dutch, English",17,15
1975,12,Israel,Shlomo Artzi,"""At Va'Ani"" (את ואני)",Hebrew,40,11
1975,13,Turkey,Semiha Yankı,"""Seninle Bir Dakika""",Turkish,3,19
1975,14,Monaco,Sophie,"""Une chanson c'est une lettre""",French,22,13
1975,15,Finland,Pihasoittajat,"""Old Man Fiddle""",English,74,7
1975,16,Portugal,Duarte Mendes,"""Madrugada""",Portuguese,16,16
1975,17,Spain,Sergio and Estíbaliz,"""Tú volverás""",Spanish,53,10
1975,18,Sweden,Lasse Berghagen and the Dolls,"""Jennie, Jennie""",English,72,8
1975,19,Italy,Wess and Dori Ghezzi,"""Era""",Italian,115,3
1976,1,United Kingdom,Brotherhood of Man,"""Save Your Kisses for Me""",English,164,1
1976,2,Switzerland,"Peter, Sue and Marc","""Djambo, Djambo""",English,91,4
1976,3,Germany,Les Humphries Singers,"""Sing Sang Song""","German, English",12,15
1976,4,Israel,"Chocolate, Menta, Mastik","""Emor Shalom"" (אמור שלום)",Hebrew,77,6
1976,5,Luxembourg,Jürgen Marcus,"""Chansons pour ceux qui s'aiment""",French,17,14
1976,6,Belgium,Pierre Rapsat,"""Judy et Cie""",French,68,8
1976,7,Ireland,Red Hurley,"""When""",English,54,10
1976,8,Netherlands,Sandra Reemer,"""The Party's Over""",English,56,9
1976,9,Norway,Anne-Karine Strøm,"""Mata Hari""",English,7,18
1976,10,Greece,Mariza Koch,"""Panagia mou, Panagia mou"" (Παναγιά μου, Παναγιά μου)",Greek,20,13
1976,11,Finland,Fredi and the Friends,"""Pump-Pump""",English,44,11
1976,12,Spain,Braulio,"""Sobran las palabras""",Spanish,11,16
1976,13,Italy,Al Bano and Romina Power,"""We'll Live It All Again""","English, Italian",69,7
1976,14,Austria,Waterloo and Robinson,"""My Little World""",English,80,5
1976,15,Portugal,Carlos do Carmo,"""Uma flor de verde pinho""",Portuguese,24,12
1976,16,Monaco,Mary Christy,"""Toi, la musique et moi""",French,93,3
1976,17,France,Catherine Ferry,"""Un, deux, trois""",French,147,2
1976,18,Yugoslavia,Ambasadori,"""Ne mogu skriti svoju bol"" (Не могу скрити своју бол)",Serbo-Croatian,10,17
1977,1,Ireland,The Swarbriggs Plus Two,"""It's Nice to Be in Love Again""",English,119,3
1977,2,Monaco,Michèle Torr,"""Une petite française""",French,96,4
1977,3,Netherlands,Heddy Lester,"""De mallemolen""",Dutch,35,12
1977,4,Austria,Schmetterlinge,"""Boom Boom Boomerang""",German,11,17
1977,5,Norway,Anita Skorgan,"""Casanova""",Norwegian,18,14
1977,6,Germany,Silver Convention,"""Telegram""",English,55,8
1977,7,Luxembourg,Anne-Marie B,"""Frère Jacques""",French,17,16
1977,8,Portugal,Os Amigos,"""Portugal no coração""",Portuguese,18,14
1977,9,United Kingdom,Lynsey de Paul and Mike Moran,"""Rock Bottom""",English,121,2
1977,10,Greece,"Pascalis, Marianna, Robert and Bessy","""Mathima solfege"" (Μάθημα σολφέζ)",Greek,92,5
1977,11,Israel,Ilanit,"""Ahava Hi Shir Lishnayim"" (אהבה היא שיר לשניים)",Hebrew,49,11
1977,12,Switzerland,Pepe Lienhard Band,"""Swiss Lady""",German,71,6
1977,13,Sweden,Forbes,"""Beatles""",Swedish,2,18
1977,14,Spain,Micky,"""Enséñame a cantar""",Spanish,52,9
1977,15,Italy,Mia Martini,"""Libera""",Italian,33,13
1977,16,Finland,Monica Aspelund,"""Lapponia""",Finnish,50,10
1977,17,Belgium,Dream Express,"""A Million in One, Two, Three""",English,69,7
1977,18,France,Marie Myriam,"""L'oiseau et l'enfant""",French,136,1
1978,1,Ireland,Colm C. T. Wilkinson,"""Born to Sing""",English,86,5
1978,2,Norway,Jahn Teigen,"""Mil etter mil""",Norwegian,0,20
1978,3,Italy,Ricchi e Poveri,"""Questo amore""",Italian,53,12
1978,4,Finland,Seija Simola,"""Anna rakkaudelle tilaisuus""",Finnish,2,18=
1978,5,Portugal,Gemini,"""Dai li dou""",Portuguese,5,17
1978,6,France,Joël Prévost,"""Il y aura toujours des violons""",French,119,3
1978,7,Spain,José Vélez,"""Bailemos un vals""",Spanish,65,9=
1978,8,United Kingdom,Co-Co,"""The Bad Old Days""",English,61,11
1978,9,Switzerland,Carole Vinci,"""Vivre""",French,65,9=
1978,10,Belgium,Jean Vallée,"""L'amour ça fait chanter la vie""",French,125,2
1978,11,Netherlands,Harmony,"""'t Is OK""",Dutch,37,13
1978,12,Turkey,Nilüfer and Nazar,"""Sevince""",Turkish,2,18=
1978,13,Germany,Ireen Sheer,"""Feuer""",German,84,6
1978,14,Monaco,Caline and Olivier Toussaint,"""Les jardins de Monaco""",French,107,4
1978,15,Greece,Tania Tsanaklidou,"""Charlie Chaplin"" (Τσάρλυ Τσάπλιν)",Greek,66,8
1978,16,Denmark,Mabel,"""Boom Boom""",Danish,13,16
1978,17,Luxembourg,Baccara,"""Parlez-vous français ?""",French,73,7
1978,18,Israel,Izhar Cohen and the Alphabeta,"""A-Ba-Ni-Bi"" (א-ב-ני-בי)",Hebrew,157,1
1978,19,Austria,Springtime,"""Mrs. Caroline Robinson""",German,14,15
1978,20,Sweden,Björn Skifs,"""Det blir alltid värre framåt natten""",Swedish,26,14
1979,1,Portugal,Manuela Bravo,"""Sobe, sobe, balão sobe""",Portuguese,64,9
1979,2,Italy,Matia Bazar,"""Raggio di luna""",Italian,27,15
1979,3,Denmark,Tommy Seebach,"""Disco Tango""",Danish,76,6
1979,4,Ireland,Cathal Dunne,"""Happy Man""",English,80,5
1979,5,Finland,Katri Helena,"""Katson sineen taivaan""",Finnish,38,14
1979,6,Monaco,Laurent Vaguener,"""Notre vie c'est la musique""",French,12,16
1979,7,Greece,Elpida,"""Sokrati"" (Σωκράτη)",Greek,69,8
1979,8,Switzerland,"Peter, Sue and Marc, Pfuri, Gorps and Kniri","""Trödler und Co""",German,60,10
1979,9,Germany,Dschinghis Khan,"""Dschinghis Khan""",German,86,4
1979,10,Israel,Milk and Honey,"""Hallelujah"" (הללויה)",Hebrew,125,1
1979,11,France,Anne-Marie David,"""Je suis l'enfant soleil""",French,106,3
1979,12,Belgium,Micha Marah,"""Hey Nana""",Dutch,5,18
1979,13,Luxembourg,Jeane Manson,"""J'ai déjà vu ça dans tes yeux""",French,44,13
1979,14,Netherlands,Xandra,"""Colorado""",Dutch,51,12
1979,15,Sweden,Ted Gärdestad,"""Satellit""",Swedish,8,17
1979,16,Norway,Anita Skorgan,"""Oliver""",Norwegian,57,11
1979,17,United Kingdom,Black Lace,"""Mary Ann""",English,73,7
1979,18,Austria,Christina Simon,"""Heute in Jerusalem""",German,5,18
1979,19,Spain,Betty Missiego,"""Su canción""",Spanish,116,2
1980,1,Austria,Blue Danube,"""Du bist Musik""",German,64,8
1980,2,Turkey,Ajda Pekkan,"""Pet'r Oil""",Turkish,23,15
1980,3,Greece,Anna Vissi and the Epikouri,"""Autostop"" (Ωτοστόπ)",Greek,30,13
1980,4,Luxembourg,Sophie and Magaly,"""Papa Pingouin""",French,56,9
1980,5,Morocco,Samira Bensaïd,"""Bitaqat Hub"" (بطاقة حب)",Arabic,7,18
1980,6,Italy,Alan Sorrenti,"""Non so che darei""",Italian,87,6
1980,7,Denmark,Bamses Venner,"""Tænker altid på dig""",Danish,25,14
1980,8,Sweden,Tomas Ledin,"""Just nu!""",Swedish,47,10
1980,9,Switzerland,Paola,"""Cinéma""",French,104,4
1980,10,Finland,Vesa-Matti Loiri,"""Huilumies""",Finnish,6,19
1980,11,Norway,Sverre Kjelsberg and Mattis Hætta,"""Sámiid ædnan""",Norwegian,15,16
1980,12,Germany,Katja Ebstein,"""Theater""",German,128,2
1980,13,United Kingdom,Prima Donna,"""Love Enough for Two""",English,106,3
1980,14,Portugal,José Cid,"""Um grande, grande amor""",Portuguese,71,7
1980,15,Netherlands,Maggie MacNeal,"""Amsterdam""",Dutch,93,5
1980,16,France,Profil,"""Hé, hé M'sieurs dames""",French,45,11
1980,17,Ireland,Johnny Logan,"""What's Another Year""",English,143,1
1980,18,Spain,Trigo Limpio,"""Quédate esta noche""",Spanish,38,12
1980,19,Belgium,Telex,"""Euro-Vision""",French,14,17
1981,1,Austria,Marty Brem,"""Wenn du da bist""",German,20,17
1981,2,Turkey,Modern Folk Trio and Ayşegül,"""Dönme Dolap""",Turkish,9,18
1981,3,Germany,Lena Valaitis,"""Johnny Blue""",German,132,2
1981,4,Luxembourg,Jean-Claude Pascal,"""C'est peut-être pas l'Amérique""",French,41,11
1981,5,Israel,Habibi,"""Halayla"" (הלילה)",Hebrew,56,7
1981,6,Denmark,Debbie Cameron and Tommy Seebach,"""Krøller eller ej""",Danish,41,11
1981,7,Yugoslavia,Seid Memić Vajta,"""Lejla"" (Лејла)",Serbo-Croatian,35,15
1981,8,Finland,Riki Sorsa,"""Reggae OK""",Finnish,27,16
1981,9,France,Jean Gabilou,"""Humanahum""",French,125,3
1981,10,Spain,Bacchelli,"""Y sólo tú""",Spanish,38,14
1981,11,Netherlands,Linda Williams,"""Het is een wonder""",Dutch,51,9
1981,12,Ireland,Sheeba,"""Horoscopes""",English,105,5
1981,13,Norway,Finn Kalvik,"""Aldri i livet""",Norwegian,0,20
1981,14,United Kingdom,Bucks Fizz,"""Making Your Mind Up""",English,136,1
1981,15,Portugal,Carlos Paião,"""Playback""",Portuguese,9,18
1981,16,Belgium,Emly Starr,"""Samson""",Dutch,40,13
1981,17,Greece,Yiannis Dimitras,"""Feggari kalokerino"" (Φεγγάρι καλοκαιρινό)",Greek,55,8
1981,18,Cyprus,Island,"""Monika"" (Μόνικα)",Greek,69,6
1981,19,Switzerland,"Peter, Sue and Marc","""Io senza te""",Italian,121,4
1981,20,Sweden,Björn Skifs,"""Fångad i en dröm""",Swedish,50,10
1982,1,Portugal,Doce,"""Bem bom""",Portuguese,32,13
1982,2,Luxembourg,Svetlana,"""Cours après le temps""",French,78,6
1982,3,Norway,Jahn Teigen and Anita Skorgan,"""Adieu""",Norwegian,40,12
1982,4,United Kingdom,Bardo,"""One Step Further""",English,76,7
1982,5,Turkey,Neco,"""Hani?""",Turkish,20,15
1982,6,Finland,Kojo,"""Nuku pommiin""",Finnish,0,18
1982,7,Switzerland,Arlette Zola,"""Amour on t'aime""",French,97,3
1982,8,Cyprus,Anna Vissi,"""Mono i agapi"" (Μόνο η αγάπη)",Greek,85,5
1982,9,Sweden,Chips,"""Dag efter dag""",Swedish,67,8
1982,10,Austria,Mess,"""Sonntag""",German,57,9
1982,11,Belgium,Stella,"""Si tu aimes ma musique""",French,96,4
1982,12,Spain,Lucía,"""Él""",Spanish,52,10
1982,13,Denmark,Brixx,"""Video-video""",Danish,5,17
1982,14,Yugoslavia,Aska,"""Halo, halo"" (Хало, хало)",Serbo-Croatian,21,14
1982,15,Israel,Avi Toledano,"""Hora"" (הורה)",Hebrew,100,2
1982,16,Netherlands,Bill van Dijk,"""Jij en ik""",Dutch,8,16
1982,17,Ireland,The Duskeys,"""Here Today Gone Tomorrow""",English,49,11
1982,18,Germany,Nicole,"""Ein bißchen Frieden""",German,161,1
1983,1,France,Guy Bonnet,"""Vivre""",French,56,8
1983,2,Norway,Jahn Teigen,"""Do Re Mi""",Norwegian,53,9
1983,3,United Kingdom,Sweet Dreams,"""I'm Never Giving Up""",English,79,6
1983,4,Sweden,Carola Häggkvist,"""Främling""",Swedish,126,3
1983,5,Italy,Riccardo Fogli,"""Per Lucia""",Italian,41,11
1983,6,Turkey,Çetin Alp,"""Opera""",Turkish,0,19
1983,7,Spain,Remedios Amaya,"""¿Quién maneja mi barca?""",Spanish,0,19
1983,8,Switzerland,Mariella Farré,"""Io così non ci sto""",Italian,28,15
1983,9,Finland,Ami Aspelund,"""Fantasiaa""",Finnish,41,11
1983,10,Greece,Christie Stasinopoulou,"""Mou les"" (Μου λες)",Greek,32,14
1983,11,Netherlands,Bernadette,"""Sing Me a Song""",Dutch,66,7
1983,12,Yugoslavia,Daniel,"""Džuli"" (Џули)",Serbo-Croatian,125,4
1983,13,Cyprus,Stavros and Constantina,"""I agapi akoma zi"" (Η αγάπη ακόμα ζει)",Greek,26,16
1983,14,Germany,Hoffmann and Hoffmann,"""Rücksicht""",German,94,5
1983,15,Denmark,Gry Johansen,"""Kloden drejer""",Danish,16,17
1983,16,Israel,Ofra Haza,"""Hi"" (חי)",Hebrew,136,2
1983,17,Portugal,Armando Gama,"""Esta balada que te dou""",Portuguese,33,13
1983,18,Austria,Westend,"""Hurricane""",German,53,9
1983,19,Belgium,Pas de Deux,"""Rendez-vous""",Dutch,13,18
1983,20,Luxembourg,Corinne Hermès,"""Si la vie est cadeau""",French,142,1
1984,1,Sweden,Herreys,"""Diggi-Loo Diggi-Ley""",Swedish,145,1
1984,2,Luxembourg,Sophie Carle,"""100% d'amour""",French,39,10
1984,3,France,Annick Thoumazeau,"""Autant d'amoureux que d'étoiles""",French,61,8
1984,4,Spain,Bravo,"""Lady, Lady""",Spanish,106,3
1984,5,Norway,Dollie de Luxe,"""Lenge leve livet""",Norwegian,29,17
1984,6,United Kingdom,Belle and the Devotions,"""Love Games""",English,63,7
1984,7,Cyprus,Andy Paul,"""Anna Maria Lena"" (Άννα Μαρία Λένα)",Greek,31,15
1984,8,Belgium,Jacques Zegers,"""Avanti la vie""",French,70,5
1984,9,Ireland,Linda Martin,"""Terminal 3""",English,137,2
1984,10,Denmark,Hot Eyes,"""Det' lige det""",Danish,101,4
1984,11,Netherlands,Maribelle,"""Ik hou van jou""",Dutch,34,13
1984,12,Yugoslavia,Vlado and Isolda,"""Ciao, amore""",Serbo-Croatian,26,18
1984,13,Austria,Anita,"""Einfach weg""",German,5,19
1984,14,Germany,Mary Roos,"""Aufrecht geh'n""",German,34,13
1984,15,Turkey,"Beş Yıl Önce, On Yıl Sonra","""Halay""",Turkish,37,12
1984,16,Finland,Kirka,"""Hengaillaan""",Finnish,46,9
1984,17,Switzerland,Rainy Day,"""Welche Farbe hat der Sonnenschein?""",German,30,16
1984,18,Italy,Alice and Franco Battiato,"""I treni di Tozeur""",Italian,70,5
1984,19,Portugal,Maria Guinot,"""Silêncio e tanta gente""",Portuguese,38,11
1985,1,Ireland,Maria Christian,"""Wait Until the Weekend Comes""",English,91,6
1985,2,Finland,Sonja Lumme,"""Eläköön elämä""",Finnish,58,9
1985,3,Cyprus,Lia Vissi,"""To katalava arga"" (Το κατάλαβα αργά)",Greek,15,16
1985,4,Denmark,Hot Eyes,"""Sku' du spørg' fra no'en?""",Danish,41,11
1985,5,Spain,Paloma San Basilio,"""La fiesta terminó""",Spanish,36,14
1985,6,France,Roger Bens,"""Femme dans ses rêves aussi""",French,56,10
1985,7,Turkey,MFÖ,"""Didai didai dai""",Turkish,36,14
1985,8,Belgium,Linda Lepomme,"""Laat me nu gaan""",Dutch,7,19
1985,9,Portugal,Adelaide,"""Penso em ti, eu sei""",Portuguese,9,18
1985,10,Germany,Wind,"""Für alle""",German,105,2
1985,11,Israel,Izhar Cohen,"""Olé, Olé"" (עולה, עולה)",Hebrew,93,5
1985,12,Italy,Al Bano and Romina Power,"""Magic Oh Magic""",Italian,78,7
1985,13,Norway,Bobbysocks!,"""La det swinge""",Norwegian,123,1
1985,14,United Kingdom,Vikki,"""Love Is...""",English,100,4
1985,15,Switzerland,Mariella Farré and Pino Gasparini,"""Piano, piano""",German,39,12
1985,16,Sweden,Kikki Danielsson,"""Bra vibrationer""",Swedish,103,3
1985,17,Austria,Gary Lux,"""Kinder dieser Welt""",German,60,8
1985,18,Luxembourg,"Margo, Franck Olivier, Diane Solomon,Ireen Sheer, Malcolm Roberts and Chris Roberts","""Children, Kinder, Enfants""","French, German, English",37,13
1985,19,Greece,Takis Biniaris,"""Miazoume"" (Μοιάζουμε)",Greek,15,16
1986,1,Luxembourg,Sherisse Laurence,"""L'amour de ma vie""",French,117,3
1986,2,Yugoslavia,Doris Dragović,"""Željo moja"" (Жељо моја)",Serbo-Croatian,49,11
1986,3,France,Cocktail Chic,"""Européennes""",French,13,17
1986,4,Norway,Ketil Stokkan,"""Romeo""",Norwegian,44,12
1986,5,United Kingdom,Ryder,"""Runner in the Night""",English,72,7
1986,6,Iceland,ICY,"""Gleðibankinn""",Icelandic,19,16
1986,7,Netherlands,Frizzle Sizzle,"""Alles heeft ritme""",Dutch,40,13
1986,8,Turkey,Klips ve Onlar,"""Halley""",Turkish,53,9
1986,9,Spain,Cadillac,"""Valentino""",Spanish,51,10
1986,10,Switzerland,Daniela Simons,"""Pas pour moi""",French,140,2
1986,11,Israel,Moti Giladi and Sarai Tzuriel,"""Yavo Yom"" (יבוא יום)",Hebrew,7,19
1986,12,Ireland,Luv Bug,"""You Can Count On Me""",English,96,4
1986,13,Belgium,Sandra Kim,"""J'aime la vie""",French,176,1
1986,14,Germany,Ingrid Peters,"""Über die Brücke geh'n""",German,62,8
1986,15,Cyprus,Elpida,"""Tora zo"" (Τώρα ζω)",Greek,4,20
1986,16,Austria,Timna Brauer,"""Die Zeit ist einsam""",German,12,18
1986,17,Sweden,Lasse Holm and Monica Törnell,"""E' de' det här du kallar kärlek?""",Swedish,78,5
1986,18,Denmark,Lise Haavik,"""Du er fuld af løgn""",Danish,77,6
1986,19,Finland,Kari Kuivalainen,"""Never the End""",Finnish,22,15
1986,20,Portugal,Dora,"""Não sejas mau para mim""",Portuguese,28,14
1987,1,Norway,Kate Gulbrandsen,"""Mitt liv""",Norwegian,65,9
1987,2,Israel,Datner and Kushnir,"""Shir Habatlanim"" (שיר הבטלנים)",Hebrew,73,8
1987,3,Austria,Gary Lux,"""Nur noch Gefühl""",German,8,20
1987,4,Iceland,Halla Margrét,"""Hægt og hljótt""",Icelandic,28,16
1987,5,Belgium,Liliane Saint-Pierre,"""Soldiers of Love""",Dutch,56,11
1987,6,Sweden,Lotta Engberg,"""Boogaloo""",Swedish,50,12
1987,7,Italy,Umberto Tozzi and Raf,"""Gente di mare""",Italian,103,3
1987,8,Portugal,Nevada,"""Neste barco à vela""",Portuguese,15,18
1987,9,Spain,Patricia Kraus,"""No estás solo""",Spanish,10,19
1987,10,Turkey,Seyyal Taner and Lokomotif,"""Şarkım Sevgi Üstüne""",Turkish,0,22
1987,11,Greece,Bang,"""Stop"" (Στοπ)",Greek,64,10
1987,12,Netherlands,Marcha,"""Rechtop in de wind""",Dutch,83,5
1987,13,Luxembourg,Plastic Bertrand,"""Amour, amour""",French,4,21
1987,14,United Kingdom,Rikki,"""Only the Light""",English,47,13
1987,15,France,Christine Minier,"""Les mots d'amour n'ont pas de dimanche""",French,44,14
1987,16,Germany,Wind,"""Laß die Sonne in dein Herz""",German,141,2
1987,17,Cyprus,Alexia,"""Aspro mavro"" (Άσπρο μαύρο)",Greek,80,7
1987,18,Finland,Vicky Rosti and Boulevard,"""Sata salamaa""",Finnish,32,15
1987,19,Denmark,Anne-Cathrine Herdorf and Bandjo,"""En lille melodi""",Danish,83,5
1987,20,Ireland,Johnny Logan,"""Hold Me Now""",English,172,1
1987,21,Yugoslavia,Novi fosili,"""Ja sam za ples"" (Ја сам за плес)",Serbo-Croatian,92,4
1987,22,Switzerland,Carol Rich,"""Moitié, moitié""",French,26,17
1988,1,Iceland,Beathoven,"""Þú og þeir (Sókrates)""",Icelandic,20,16
1988,2,Sweden,Tommy Körberg,"""Stad i ljus""",Swedish,52,12
1988,3,Finland,Boulevard,"""Nauravat silmät muistetaan""",Finnish,3,20
1988,4,United Kingdom,Scott Fitzgerald,"""Go""",English,136,2
1988,5,Turkey,MFÖ,"""Sufi""",Turkish,37,15
1988,6,Spain,La Década,"""La chica que yo quiero (Made in Spain)""",Spanish,58,11
1988,7,Netherlands,Gerard Joling,"""Shangri-La""",Dutch,70,9
1988,8,Israel,Yardena Arazi,"""Ben Adam"" (בן אדם)",Hebrew,85,7
1988,9,Switzerland,Céline Dion,"""Ne partez pas sans moi""",French,137,1
1988,10,Ireland,Jump the Gun,"""Take Him Home""",English,79,8
1988,11,Germany,Maxi and Chris Garden,"""Lied für einen Freund""",German,48,14
1988,12,Austria,Wilfried,"""Lisa Mona Lisa""",German,0,21
1988,13,Denmark,Hot Eyes,"""Ka' du se hva' jeg sa'?""",Danish,92,3
1988,14,Greece,Afroditi Frida,"""Clown"" (Κλόουν)",Greek,10,17
1988,15,Norway,Karoline Krüger,"""For vår jord""",Norwegian,88,5
1988,16,Belgium,Reynaert,"""Laissez briller le soleil""",French,5,18
1988,17,Luxembourg,Lara Fabian,"""Croire""",French,90,4
1988,18,Italy,Luca Barbarossa,"""Vivo (Ti scrivo)""",Italian,52,12
1988,19,France,Gérard Lenorman,"""Chanteur de charme""",French,64,10
1988,20,Portugal,Dora,"""Voltarei""",Portuguese,5,18
1988,21,Yugoslavia,Srebrna krila,"""Mangup"" (Мангуп)",Serbo-Croatian,87,6
1989,1,Italy,Anna Oxa and Fausto Leali,"""Avrei voluto""",Italian,56,9
1989,2,Israel,Gili and Galit,"""Derekh Hamelekh"" (דרך המלך)",Hebrew,50,12
1989,3,Ireland,Kiev Connolly and the Missing Passengers,"""The Real Me""",English,21,18
1989,4,Netherlands,Justine Pelmelay,"""Blijf zoals je bent""",Dutch,45,15
1989,5,Turkey,Pan,"""Bana Bana""",Turkish,5,21
1989,6,Belgium,Ingeborg,"""Door de wind""",Dutch,13,19
1989,7,United Kingdom,Live Report,"""Why Do I Always Get It Wrong""",English,130,2
1989,8,Norway,Britt Synnøve Johansen,"""Venners nærhet""",Norwegian,30,17
1989,9,Portugal,Da Vinci,"""Conquistador""",Portuguese,39,16
1989,10,Sweden,Tommy Nilsson,"""En dag""",Swedish,110,4
1989,11,Luxembourg,Park Café,"""Monsieur""",French,8,20
1989,12,Denmark,Birthe Kjær,"""Vi maler byen rød""",Danish,111,3
1989,13,Austria,Thomas Forstner,"""Nur ein Lied""",German,97,5
1989,14,Finland,Anneli Saaristo,"""La dolce vita""",Finnish,76,7
1989,15,France,Nathalie Pâque,"""J'ai volé la vie""",French,60,8
1989,16,Spain,Nina,"""Nacida para amar""",Spanish,88,6
1989,17,Cyprus,Fani Polymeri and Yiannis Savvidakis,"""Apopse as vrethoume"" (Απόψε ας βρεθούμε)",Greek,51,11
1989,18,Switzerland,Furbaz,"""Viver senza tei""",Romansh,47,13
1989,19,Greece,Marianna,"""To diko sou asteri"" (Το δικό σου αστέρι)",Greek,56,9
1989,20,Iceland,Daníel Ágúst Haraldsson,"""Það sem enginn sér""",Icelandic,0,22
1989,21,Germany,Nino de Angelo,"""Flieger""",German,46,14
1989,22,Yugoslavia,Riva,"""Rock Me""",Serbo-Croatian,137,1
1990,1,Spain,Azúcar Moreno,"""Bandido""",Spanish,96,5
1990,2,Greece,Christos Callow and Wave,"""Horis skopo"" (Χωρίς σκοπό)",Greek,11,19
1990,3,Belgium,Philippe Lafontaine,"""Macédomienne""",French,46,12
1990,4,Turkey,Kayahan,"""Gözlerinin Hapsindeyim""",Turkish,21,17
1990,5,Netherlands,Maywood,"""Ik wil alles met je delen""",Dutch,25,15
1990,6,Luxembourg,Céline Carzo,"""Quand je te rêve""",French,38,13
1990,7,United Kingdom,Emma,"""Give a Little Love Back to the World""",English,87,6
1990,8,Iceland,Stjórnin,"""Eitt lag enn""",Icelandic,124,4
1990,9,Norway,Ketil Stokkan,"""Brandenburger Tor""",Norwegian,8,21
1990,10,Israel,Rita,"""Shara Barkhovot"" (שרה ברחובות)",Hebrew,16,18
1990,11,Denmark,Lonnie Devantier,"""Hallo Hallo""",Danish,64,8
1990,12,Switzerland,Egon Egemann,"""Musik klingt in die Welt hinaus""",German,51,11
1990,13,Germany,Chris Kempers and Daniel Kovac,"""Frei zu leben""",German,60,9
1990,14,France,Joëlle Ursull,"""White and Black Blues""",French,132,2
1990,15,Yugoslavia,Tajči,"""Hajde da ludujemo"" (Хајде да лудујемо)",Serbo-Croatian,81,7
1990,16,Portugal,Nucha,"""Há sempre alguém""",Portuguese,9,20
1990,17,Ireland,Liam Reilly,"""Somewhere in Europe""",English,132,2
1990,18,Sweden,Edin-Ådahl,"""Som en vind""",Swedish,24,16
1990,19,Italy,Toto Cutugno,"""Insieme: 1992""",Italian,149,1
1990,20,Austria,Simone,"""Keine Mauern mehr""",German,58,10
1990,21,Cyprus,Haris Anastasiou,"""Milas poli"" (Μιλάς πολύ)",Greek,36,14
1990,22,Finland,Beat,"""Fri?""",Swedish,8,21
1991,1,Yugoslavia,Baby Doll,"""Brazil"" (Бразил)",Serbo-Croatian,1,21
1991,2,Iceland,Stefán and Eyfi,"""Nína""",Icelandic,26,15
1991,3,Malta,Paul Giordimaina and Georgina,"""Could It Be""",English,106,6
1991,4,Greece,Sophia Vossou,"""I anixi"" (Η άνοιξη)",Greek,36,13
1991,5,Switzerland,Sandra Simó,"""Canzone per te""",Italian,118,5
1991,6,Austria,Thomas Forstner,"""Venedig im Regen""",German,0,22
1991,7,Luxembourg,Sarah Bray,"""Un baiser volé""",French,29,14
1991,8,Sweden,Carola,"""Fångad av en stormvind""",Swedish,146,1
1991,9,France,Amina,"""C'est le dernier qui a parlé qui a raison""",French,146,2
1991,10,Turkey,"İzel Çeliköz, Reyhan Karaca and Can Uğurluer","""İki Dakika""",Turkish,44,12
1991,11,Ireland,Kim Jackson,"""Could It Be That I'm in Love""",English,47,10
1991,12,Portugal,Dulce,"""Lusitana paixão""",Portuguese,62,8
1991,13,Denmark,Anders Frandsen,"""Lige der hvor hjertet slår""",Danish,8,19
1991,14,Norway,Just 4 Fun,"""Mrs. Thompson""",Norwegian,14,17
1991,15,Israel,Duo Datz,"""Kan"" (כאן)",Hebrew,139,3
1991,16,Finland,Kaija,"""Hullu yö""",Finnish,6,20
1991,17,Germany,Atlantis 2000,"""Dieser Traum darf niemals sterben""",German,10,18
1991,18,Belgium,Clouseau,"""Geef het op""",Dutch,23,16
1991,19,Spain,Sergio Dalma,"""Bailar pegados""",Spanish,119,4
1991,20,United Kingdom,Samantha Janus,"""A Message to Your Heart""",English,47,10
1991,21,Cyprus,Elena Patroklou,"""SOS""",Greek,60,9
1991,22,Italy,Peppino di Capri,"""Comme è ddoce 'o mare""",Neapolitan,89,7
1992,1,Spain,Serafín,"""Todo esto es la música""",Spanish,37,14
1992,2,Belgium,Morgane,"""Nous, on veut des violons""",French,11,20
1992,3,Israel,Dafna,"""Ze Rak Sport"" (זה רק ספורט)",Hebrew,85,6
1992,4,Turkey,Aylin Vatankoş,"""Yaz Bitti""",Turkish,17,19
1992,5,Greece,Cleopatra,"""Olou tou kosmou i Elpida"" (Όλου του κόσμου η Ελπίδα)",Greek,94,5
1992,6,France,Kali,Monte la riviè ,"French, Antillean Creole",73,8
1992,7,Sweden,Christer Björkman,"""I morgon är en annan dag""",Swedish,9,22
1992,8,Portugal,Dina,"""Amor d'água fresca""",Portuguese,26,17
1992,9,Cyprus,Evridiki,"""Teriazoume"" (Ταιριάζουμε)",Greek,57,11
1992,10,Malta,Mary Spiteri,"""Little Child""",English,123,3
1992,11,Iceland,Heart 2 Heart,"""Nei eða já""",Icelandic,80,7
1992,12,Finland,Pave,"""Yamma, yamma""",Finnish,4,23
1992,13,Switzerland,Daisy Auvray,"""Mister Music Man""",French,32,15
1992,14,Luxembourg,Marion Welter and Kontinent,"""Sou fräi""",Luxembourgish,10,21
1992,15,Austria,Tony Wegas,"""Zusammen geh'n""",German,63,10
1992,16,United Kingdom,Michael Ball,"""One Step Out of Time""",English,139,2
1992,17,Ireland,Linda Martin,"""Why Me?""",English,155,1
1992,18,Denmark,Lotte Nilsson and Kenny Lübcke,"""Alt det som ingen ser""",Danish,47,12
1992,19,Italy,Mia Martini,"""Rapsodia""",Italian,111,4
1992,20,Yugoslavia,Extra Nena,"""Ljubim te pesmama"" (Љубим те песмама)",Serbian,44,13
1992,21,Norway,Merethe Trøan,"""Visjoner""",Norwegian,23,18
1992,22,Germany,Wind,"""Träume sind für alle da""",German,27,16
1992,23,Netherlands,Humphrey Campbell,"""Wijs me de weg""",Dutch,67,9
1993,1,Italy,Enrico Ruggeri,"""Sole d'Europa""",Italian,45,12
1993,2,Turkey,Burak Aydos,"""Esmer Yarim""",Turkish,10,21
1993,3,Germany,Münchener Freiheit,"""Viel zu weit""",German,18,18
1993,4,Switzerland,Annie Cotton,"""Moi, tout simplement""",French,148,3
1993,5,Denmark,Tommy Seebach Band,"""Under stjernerne på himlen""",Danish,9,22
1993,6,Greece,Katy Garbi,"""Ellada, hora tou fotos"" (Ελλάδα, χώρα του φωτός)",Greek,64,9
1993,7,Belgium,Barbara,"""Iemand als jij""",Dutch,3,25
1993,8,Malta,William Mangion,"""This Time""",English,69,8
1993,9,Iceland,Inga ,"""Þá veistu svarið""",Icelandic,42,13
1993,10,Austria,Tony Wegas,"""Maria Magdalena""",German,32,14
1993,11,Portugal,Anabela,"""A cidade (até ser dia)""",Portuguese,60,10
1993,12,France,Patrick Fiori,"""Mama Corsica""","French, Corsican",121,4
1993,13,Sweden,Arvingarna,"""Eloise""",Swedish,89,7
1993,14,Ireland,Niamh Kavanagh,"""In Your Eyes""",English,187,1
1993,15,Luxembourg,Modern Times,"""Donne-moi une chance""","French, Luxembourgish",11,20
1993,16,Slovenia,1X Band,"""Tih deževen dan""",Slovene,9,22
1993,17,Finland,Katri Helena,"""Tule luo""",Finnish,20,17
1993,18,Bosnia and Herzegovina,Fazla,"""Sva bol svijeta""",Bosnian,27,16
1993,19,United Kingdom,Sonia,"""Better the Devil You Know""",English,164,2
1993,20,Netherlands,Ruth Jacott,"""Vrede""",Dutch,92,6
1993,21,Croatia,Put,"""Don't Ever Cry""","Croatian, English",31,15
1993,22,Spain,Eva Santamaría,"""Hombres""",Spanish,58,11
1993,23,Cyprus,Zymboulakis and Van Beke,"""Mi stamatas"" (Μη σταματάς)",Greek,17,19
1993,24,Israel,Lehakat Shiru,"""Shiru"" (שירו)","Hebrew, English",4,24
1993,25,Norway,Silje Vige,"""Alle mine tankar""",Norwegian,120,5
1994,1,Sweden,Marie Bergman and Roger Pontare,"""Stjärnorna""",Swedish,48,13
1994,2,Finland,CatCat,"""Bye Bye Baby""",Finnish,11,22
1994,3,Ireland,Paul Harrington and Charlie McGettigan,"""Rock 'n' Roll Kids""",English,226,1
1994,4,Cyprus,Evridiki,"""Ime anthropos ki ego"" (Είμαι άνθρωπος κι εγώ)",Greek,51,11
1994,5,Iceland,Sigga,"""Nætur""",Icelandic,49,12
1994,6,United Kingdom,Frances Ruffelle,"""We Will Be Free (Lonely Symphony)""",English,63,10
1994,7,Croatia,Tony Cetinski,"""Nek' ti bude ljubav sva""",Croatian,27,16
1994,8,Portugal,Sara Tavares,"""Chamar a música""",Portuguese,73,8
1994,9,Switzerland,Duilio,"""Sto pregando""",Italian,15,19
1994,10,Estonia,Silvi Vrait,"""Nagu merelaine""",Estonian,2,24
1994,11,Romania,Dan Bittman,"""Dincolo de nori""",Romanian,14,21
1994,12,Malta,Moira Stafrace and Christopher Scicluna,"""More than Love""",English,97,5
1994,13,Netherlands,Willeke Alberti,"""Waar is de zon""",Dutch,4,23
1994,14,Germany,Mekado,"""Wir geben 'ne Party""",German,128,3
1994,15,Slovakia,Martin Ďurinda and Tublatanka,"""Nekonečná pieseň""",Slovak,15,19
1994,16,Lithuania,Ovidijus Vyšniauskas,"""Lopšinė mylimai""",Lithuanian,0,25
1994,17,Norway,Elisabeth Andreasson and Jan Werner Danielsen,"""Duett""",Norwegian,76,6
1994,18,Bosnia and Herzegovina,Alma and Dejan,"""Ostani kraj mene""",Bosnian,39,15
1994,19,Greece,Kostas Bigalis and the Sea Lovers,"""To trehandiri (Diri Diri)"" (Το τρεχαντήρι (Ντίρι Ντίρι))",Greek,44,14
1994,20,Austria,Petra Frey,"""Für den Frieden der Welt""",German,19,17
1994,21,Spain,Alejandro Abad,"""Ella no es ella""",Spanish,17,18
1994,22,Hungary,Friderika Bayer,"""Kinek mondjam el vétkeimet?""",Hungarian,122,4
1994,23,Russia,Youddiph,"""Vechny strannik"" (Вечный странник)",Russian,70,9
1994,24,Poland,Edyta Górniak,"""To nie ja!""",Polish,166,2
1994,25,France,Nina Morato,"""Je suis un vrai garçon""",French,74,7
1995,1,Poland,Justyna,"""Sama""",Polish,15,18
1995,2,Ireland,Eddie Friel,"""Dreamin'""",English,44,14
1995,3,Germany,Stone and Stone,"""Verliebt in Dich""",German,1,23
1995,4,Bosnia and Herzegovina,Davor Popović,"""Dvadeset prvi vijek""",Bosnian,14,19
1995,5,Norway,Secret Garden,"""Nocturne""",Norwegian,148,1
1995,6,Russia,Philipp Kirkorov,"""Kolybelnaya dlya vulkana"" (Колыбельная для вулкана)",Russian,17,17
1995,7,Iceland,Bo Halldórsson,"""Núna""",Icelandic,31,15
1995,8,Austria,Stella Jones,"""Die Welt dreht sich verkehrt""",German,67,13
1995,9,Spain,Anabel Conde,"""Vuelve conmigo""",Spanish,119,2
1995,10,Turkey,Arzu Ece,"""Sev!""",Turkish,21,16
1995,11,Croatia,Magazin and Lidija,"""Nostalgija""",Croatian,91,6
1995,12,France,Nathalie Santamaria,"""Il me donne rendez-vous""",French,94,4
1995,13,Hungary,Csaba Szigeti,"""Új név egy régi ház falán""",Hungarian,3,22
1995,14,Belgium,Frédéric Etherlinck,"""La voix est libre""",French,8,20
1995,15,United Kingdom,Love City Groove,"""Love City Groove""",English,76,10
1995,16,Portugal,Tó Cruz,"""Baunilha e chocolate""",Portuguese,5,21
1995,17,Cyprus,Alexandros Panayi,"""Sti fotia"" (Στη φωτιά)",Greek,79,9
1995,18,Sweden,Jan Johansen,"""Se på mej""",Swedish,100,3
1995,19,Denmark,Aud Wilken,"""Fra Mols til Skagen""",Danish,92,5
1995,20,Slovenia,Darja Švajger,"""Prisluhni mi""",Slovene,84,7
1995,21,Israel,Liora,"""Amen"" (אמן)",Hebrew,81,8
1995,22,Malta,Mike Spiteri,"""Keep Me in Mind""",English,76,10
1995,23,Greece,Elina Konstantopoulou,"""Pia prosefhi"" (Ποιά προσευχή)",Greek,68,12
1996,1,Austria,George Nussbaumer,"""Weil's dr guat got""",Vorarlbergish,80,6
1996,2,Bosnia and Herzegovina,Amila Glamočak,"""Za našu ljubav""",Bosnian,29,21
1996,3,Belgium,Lisa del Bo,"""Liefde is een kaartspel""",Dutch,45,12
1996,4,Switzerland,Kathy Leander,"""Mon cœur l'aime""",French,67,8
1996,5,Cyprus,Constantinos,"""Mono gia mas"" (Μόνο για μας)",Greek,42,15
1996,6,Germany,Leon,"""Planet of Blue""",German,24,24
1996,7,Denmark,Dorthe Andersen and Martin Loft,"""Kun med dig""",Danish,22,25
1996,8,Estonia,Maarja-Liis Ilus and Ivo Linna,"""Kaelakee hääl""",Estonian,106,5
1996,9,Spain,Antonio Carbonell,"""¡Ay, qué deseo!""",Spanish,43,14
1996,10,Finland,Jasmine,"""Niin kaunis on taivas""",Finnish,26,22
1996,11,France,Dan Ar Braz and l'Héritage des Celtes,"""Diwanit bugale""",Breton,55,11
1996,12,United Kingdom,Gina G,"""Ooh Aah... Just a Little Bit""",English,153,3
1996,13,Greece,Marianna Efstratiou,"""Emis forame to himona anixiatika""(Εμείς φοράμε το χειμώνα ανοιξιάτικα)",Greek,45,12
1996,14,Croatia,Maja Blagdan,"""Sveta ljubav""",Croatian,30,19
1996,15,Hungary,Gjon Delhusa,"""Fortuna""",Hungarian,26,23
1996,16,Ireland,Eimear Quinn,"""The Voice""",English,198,2
1996,17,Israel,Galit Bell,"""Shalom Olam"" (שלום עולם)",Hebrew,12,28
1996,18,Iceland,Anna Mjöll,"""Sjúbídú""",Icelandic,59,10
1996,19,Macedonia,Kaliopi,"""Samo ti"" (Само ти)",Macedonian,14,26
1996,20,Malta,Miriam Christine,"""In a Woman's Heart""",English,138,4
1996,21,Netherlands,Maxine and Franklin Brown,"""De eerste keer""",Dutch,63,9
1996,22,Poland,Kasia Kowalska,"""Chcę znać swój grzech...""",Polish,42,15
1996,23,Portugal,Lúcia Moniz,"""O meu coração não tem cor""",Portuguese,32,18
1996,24,Romania,Monica Anghel and Sincron,"""Rugă pentru pacea lumii""",Romanian,11,29
1996,25,Russia,Andrey Kosinskiy,"""Ya eto ya"" (Я это я)",Russian,14,26
1996,26,Sweden,One More Time,"""Den vilda""",Swedish,227,1
1996,27,Slovenia,Regina,"""Dan najlepših sanj""",Slovene,30,19
1996,28,Slovakia,Marcel Palonder,"""Kým nás máš""",Slovak,38,17
1996,29,Turkey,Şebnem Paker,"""Beşinci Mevsim""",Turkish,69,7
1997,1,Cyprus,Hara and Andreas Konstantinou,"""Mana mou"" (Μάνα μου)",Greek,98,5
1997,2,Turkey,Şebnem Paker and Grup Ethnic,"""Dinle""",Turkish,121,3
1997,3,Norway,Tor Endresen,"""San Francisco""",Norwegian,0,24
1997,4,Austria,Bettina Soriat,"""One Step""",German,12,21
1997,5,Ireland,Marc Roberts,"""Mysterious Woman""",English,157,2
1997,6,Slovenia,Tanja Ribič,"""Zbudi se""",Slovene,60,10
1997,7,Switzerland,Barbara Berta,"""Dentro di me""",Italian,5,22
1997,8,Netherlands,Mrs. Einstein,"""Niemand heeft nog tijd""",Dutch,5,22
1997,9,Italy,Jalisse,"""Fiumi di parole""",Italian,114,4
1997,10,Spain,Marcos Llunas,"""Sin rencor""",Spanish,96,6
1997,11,Germany,Bianca Shomburg,"""Zeit""",German,22,18
1997,12,Poland,Anna Maria Jopek,"""Ale jestem""",Polish,54,11
1997,13,Estonia,Maarja-Liis Ilus,"""Keelatud maa""",Estonian,82,8
1997,14,Bosnia and Herzegovina,Alma Čardžić,"""Goodbye""",Bosnian,22,18
1997,15,Portugal,Célia Lawson,"""Antes do adeus""",Portuguese,0,24
1997,16,Sweden,Blond,"""Bara hon älskar mig""",Swedish,36,14
1997,17,Greece,Marianna Zorba,"""Horepse"" (Χόρεψε)",Greek,39,12
1997,18,Malta,Debbie Scerri,"""Let Me Fly""",English,66,9
1997,19,Hungary,V.I.P.,"""Miért kell, hogy elmenj?""",Hungarian,39,12
1997,20,Russia,Alla Pugacheva,"""Primadonna"" (Примадонна)",Russian,33,15
1997,21,Denmark,Kølig Kaj,"""Stemmen i mit liv""",Danish,25,16
1997,22,France,Fanny,"""Sentiments songes""",French,95,7
1997,23,Croatia,E.N.I.,"""Probudi me""",Croatian,24,17
1997,24,United Kingdom,Katrina and the Waves,"""Love Shine a Light""",English,227,1
1997,25,Iceland,Paul Oscar,"""Minn hinsti dans""",Icelandic,18,20
1998,1,Croatia,Danijela,"""Neka mi ne svane""",Croatian,131,5
1998,2,Greece,Thalassa,"""Mia krifi evaisthisia"" (Μια κρυφή ευαισθησία)",Greek,12,20
1998,3,France,Marie Line,"""Où aller""",French,3,24
1998,4,Spain,Mikel Herzog,"""¿Qué voy a hacer sin ti?""",Spanish,21,16
1998,5,Switzerland,Gunvor,"""Lass ihn""",German,0,25
1998,6,Slovakia,Katarína Hasprová,"""Modlitba""",Slovak,8,21
1998,7,Poland,Sixteen,"""To takie proste""",Polish,19,17
1998,8,Israel,Dana International,"""Diva"" (דיווה)",Hebrew,172,1
1998,9,Germany,Guildo Horn,"""Guildo hat euch lieb!""",German,86,7
1998,10,Malta,Chiara,"""The One That I Love""",English,165,3
1998,11,Hungary,Charlie,"""A holnap már nem lesz szomorú""",Hungarian,4,23
1998,12,Slovenia,Vili Resnik,"""Naj bogovi slišijo""",Slovene,17,18
1998,13,Ireland,Dawn Martin,"""Is Always Over Now?""",English,64,9
1998,14,Portugal,Alma Lusa,"""Se eu te pudesse abraçar""",Portuguese,36,12
1998,15,Romania,Mălina Olinescu,"""Eu cred""",Romanian,6,22
1998,16,United Kingdom,Imaani,"""Where Are You?""",English,166,2
1998,17,Cyprus,Michael Hajiyanni,"""Genesis"" (Γένεσις)",Greek,37,11
1998,18,Netherlands,Edsilia,"""Hemel en aarde""",Dutch,150,4
1998,19,Sweden,Jill Johnson,"""Kärleken är""",Swedish,53,10
1998,20,Belgium,Mélanie Cohl,"""Dis oui""",French,122,6
1998,21,Finland,Edea,"""Aava""",Finnish,22,15
1998,22,Norway,Lars A. Fredriksen,"""Alltid sommer""",Norwegian,79,8
1998,23,Estonia,Koit Toome,"""Mere lapsed""",Estonian,36,12
1998,24,Turkey,Tüzmen,"""Unutamazsın""",Turkish,25,14
1998,25,Macedonia,Vlado Janevski,"""Ne zori, zoro"" (Не зори, зоро)",Macedonian,16,19
1999,1,Lithuania,Aistė,"""Strazdas""",Samogitian,13,20
1999,2,Belgium,Vanessa Chinitor,"""Like the Wind""",English,38,12
1999,3,Spain,Lydia,"""No quiero escuchar""",Spanish,1,23
1999,4,Croatia,Doris Dragović,"""Marija Magdalena""",Croatian,118,4
1999,5,United Kingdom,Precious,"""Say It Again""",English,38,12
1999,6,Slovenia,Darja Švajger,"""For a Thousand Years""",English,50,11
1999,7,Turkey,Tuba Önal and Grup Mistik,"""Dön Artık""",Turkish,21,16
1999,8,Norway,Stig Van Eijk,"""Living My Life Without You""",English,35,14
1999,9,Denmark,Trine Jepsen and Michael Teschl,"""This Time I Mean It""",English,71,8
1999,10,France,Nayah,"""Je veux donner ma voix""",French,14,19
1999,11,Netherlands,Marlayne,"""One Good Reason""",English,71,8
1999,12,Poland,Mietek Szcześniak,"""Przytul mnie mocno""",Polish,17,18
1999,13,Iceland,Selma,"""All Out of Luck""",English,146,2
1999,14,Cyprus,Marlain,"""Tha'nai erotas"" (Θα'ναι έρωτας)",Greek,2,22
1999,15,Sweden,Charlotte Nilsson,"""Take Me to Your Heaven""",English,163,1
1999,16,Portugal,Rui Bandeira,"""Como tudo começou""",Portuguese,12,21
1999,17,Ireland,The Mullans,"""When You Need Me""",English,18,17
1999,18,Austria,Bobbie Singer,"""Reflection""",English,65,10
1999,19,Israel,Eden,"""Yom Huledet (Happy Birthday)"" (יום הולדת)","English, Hebrew",93,5
1999,20,Malta,Times Three,"""Believe 'n Peace""",English,32,15
1999,21,Germany,Sürpriz,"""Reise nach Jerusalem – Kudüs'e Seyahat""","German, Turkish, English",140,3
1999,22,Bosnia and Herzegovina,Dino and Béatrice,"""Putnici""","Bosnian, French",86,7
1999,23,Estonia,Evelin Samuel and Camille,"""Diamond of Night""",English,90,6
2000,1,Israel,PingPong,"""Sameach"" (שמח)",Hebrew,7,22
2000,2,Netherlands,Linda Wagenmakers,"""No Goodbyes""",English,40,13
2000,3,United Kingdom,Nicki French,"""Don't Play That Song Again""",English,28,16
2000,4,Estonia,Ines,"""Once in a Lifetime""",English,98,4
2000,5,France,Sofia Mestari,"""On aura le ciel""",French,5,23
2000,6,Romania,Taxi,"""The Moon""",English,25,17
2000,7,Malta,Claudette Pace,"""Desire""",English,73,8
2000,8,Norway,Charmed,"""My Heart Goes Boom""",English,57,11
2000,9,Russia,Alsou,"""Solo""",English,155,2
2000,10,Belgium,Nathalie Sorce,"""Envie de vivre""",French,2,24
2000,11,Cyprus,Voice,"""Nomiza"" (Νόμιζα)","Greek, Italian",8,21
2000,12,Iceland,August and Telma,"""Tell Me!""",English,45,12
2000,13,Spain,Serafín Zubiri,"""Colgado de un sueño""",Spanish,18,18
2000,14,Denmark,Olsen Brothers,"""Fly on the Wings of Love""",English,195,1
2000,15,Germany,Stefan Raab,"""Wadde hadde dudde da?""","German, English",96,5
2000,16,Switzerland,Jane Bogaert,"""La vita cos'è?""",Italian,14,20
2000,17,Croatia,Goran Karan,"""Kad zaspu anđeli""",Croatian,70,9
2000,18,Sweden,Roger Pontare,"""When Spirits Are Calling My Name""",English,88,7
2000,19,Macedonia,XXL,"""100% te ljubam"" (100% те љубам)","Macedonian, English",29,15
2000,20,Finland,Nina Åström,"""A Little Bit""",English,18,18
2000,21,Latvia,Brainstorm,"""My Star""",English,136,3
2000,22,Turkey,Pınar Ayhan and the SOS,"""Yorgunum Anla""","Turkish, English",59,10
2000,23,Ireland,Eamonn Toal,"""Millennium of Love""",English,92,6
2000,24,Austria,The Rounder Girls,"""All to You""",English,34,14
2001,1,Netherlands,Michelle,"""Out on My Own""",English,16,18
2001,2,Iceland,Two Tricky,"""Angel""",English,3,22
2001,3,Bosnia and Herzegovina,Nino,"""Hano""","Bosnian, English",29,14
2001,4,Norway,Haldor Lægreid,"""On My Own""",English,3,22
2001,5,Israel,Tal Sondak,"""Ein Davar"" (אין דבר)",Hebrew,25,16
2001,6,Russia,Mumiy Troll,"""Lady Alpine Blue""",English,37,12
2001,7,Sweden,Friends,"""Listen to Your Heartbeat""",English,100,5
2001,8,Lithuania,Skamp,"""You Got Style""","English, Lithuanian",35,13
2001,9,Latvia,Arnis Mednis,"""Too Much""",English,16,18
2001,10,Croatia,Vanna,"""Strings of My Heart""",English,42,10
2001,11,Portugal,MTM,"""Só sei ser feliz assim""",Portuguese,18,17
2001,12,Ireland,Gary O'Shaughnessy,"""Without Your Love""",English,6,21
2001,13,Spain,David Civera,"""Dile que la quiero""",Spanish,76,6
2001,14,France,Natasha St-Pier,"""Je n'ai que mon âme""","French, English",142,4
2001,15,Turkey,Sedat Yüce,"""Sevgiliye Son""","Turkish, English",41,11
2001,16,United Kingdom,Lindsay Dracass,"""No Dream Impossible""",English,28,15
2001,17,Slovenia,Nuša Derenda,"""Energy""",English,70,7
2001,18,Poland,Piasek,"""2 Long""",English,11,20
2001,19,Germany,Michelle,"""Wer Liebe lebt""","German, English",66,8
2001,20,Estonia,"Tanel Padar, Dave Benton and 2XL","""Everybody""",English,198,1
2001,21,Malta,Fabrizio Faniello,"""Another Summer Night""",English,48,9
2001,22,Greece,Antique,"""Die for You""","Greek, English",147,3
2001,23,Denmark,Rollo and King,"""Never Ever Let You Go""",English,177,2
2002,1,Cyprus,One,"""Gimme""",English,85,6
2002,2,United Kingdom,Jessica Garlick,"""Come Back""",English,111,3
2002,3,Austria,Manuel Ortega,"""Say a Word""",English,26,18
2002,4,Greece,Michalis Rakintzis,"""S.A.G.A.P.O.""",English,27,17
2002,5,Spain,Rosa,"""Europe's Living a Celebration""",Spanish,81,7
2002,6,Croatia,Vesna Pisarović,"""Everything I Want""",English,44,11
2002,7,Russia,Prime Minister,"""Northern Girl""",English,55,10
2002,8,Estonia,Sahlene,"""Runaway""",English,111,3
2002,9,Macedonia,Karolina,"""Od nas zavisi"" (Од нас зависи)",Macedonian,25,19
2002,10,Israel,Sarit Hadad,"""Light a Candle""","Hebrew, English",37,12
2002,11,Switzerland,Francine Jordi,"""Dans le jardin de mon âme""",French,15,22
2002,12,Sweden,Afro-dite,"""Never Let It Go""",English,72,8
2002,13,Finland,Laura,"""Addicted to You""",English,24,20
2002,14,Denmark,Malene,"""Tell Me Who You Are""",English,7,24
2002,15,Bosnia and Herzegovina,Maja,"""Na jastuku za dvoje"" (На јастуку за двоје)","Serbian, English",33,13
2002,16,Belgium,Sergio and the Ladies,"""Sister""",English,33,13
2002,17,France,Sandrine François,"""Il faut du temps""",French,104,5
2002,18,Germany,Corinna May,"""I Can't Live Without Music""",English,17,21
2002,19,Turkey,Buket Bengisu and Group Safir,"""Leylaklar Soldu Kalbinde""","Turkish, English",29,16
2002,20,Malta,Ira Losco,"""7th Wonder""",English,164,2
2002,21,Romania,Monica Anghel and Marcel Pavel,"""Tell Me Why""",English,71,9
2002,22,Slovenia,Sestre,"""Samo ljubezen""",Slovene,33,13
2002,23,Latvia,Marie N,"""I Wanna""",English,176,1
2002,24,Lithuania,Aivaras,"""Happy You""",English,12,23
2003,1,Iceland,Birgitta,"""Open Your Heart""",English,81,8
2003,2,Austria,Alf Poier,"""Weil der Mensch zählt""",German,101,6
2003,3,Ireland,Mickey Harte,"""We've Got the World""",English,53,11
2003,4,Turkey,Sertab Erener,"""Everyway That I Can""",English,167,1
2003,5,Malta,Lynn Chircop,"""To Dream Again""",English,4,25
2003,6,Bosnia and Herzegovina,Mija Martina,"""Ne brini""","Croatian, English",27,16
2003,7,Portugal,Rita Guerra,"""Deixa-me sonhar""","Portuguese, English",13,22
2003,8,Croatia,Claudia Beni,"""Više nisam tvoja""","Croatian, English",29,15
2003,9,Cyprus,Stelios Constantas,"""Feeling Alive""",English,15,20
2003,10,Germany,Lou,"""Let's Get Happy""",English,53,11
2003,11,Russia,t.A.T.u.,"""Ne ver', ne boysia"" (Не верь, не бойся)",Russian,164,3
2003,12,Spain,Beth,"""Dime""",Spanish,81,8
2003,13,Israel,Lior Narkis,"""Words for Love""",Hebrew,17,19
2003,14,Netherlands,Esther Hart,"""One More Night""",English,45,13
2003,15,United Kingdom,Jemini,"""Cry Baby""",English,0,26
2003,16,Ukraine,Olexandr,"""Hasta la vista""",English,30,14
2003,17,Greece,Mando,"""Never Let You Go""",English,25,17
2003,18,Norway,Jostein Hasselgård,"""I'm Not Afraid to Move On""",English,123,4
2003,19,France,Louisa Baïleche,"""Monts et merveilles""",French,19,18
2003,20,Poland,Ich Troje,"""Keine Grenzen – Żadnych granic""","German, Polish, Russian",90,7
2003,21,Latvia,F.L.Y.,"""Hello from Mars""",English,5,24
2003,22,Belgium,Urban Trad,"""Sanomi""",Imaginary,165,2
2003,23,Estonia,Ruffus,"""Eighties Coming Back""",English,14,21
2003,24,Romania,Nicola,"""Don't Break My Heart""",English,73,10
2003,25,Sweden,Fame,"""Give Me Your Love""",English,107,5
2003,26,Slovenia,Karmen,"""Nanana""",English,7,23
2004,1,Finland,Jari Sillanpää,"""Takes 2 to Tango""",English,51,14
2004,2,Belarus,Aleksandra and Konstantin,"""My Galileo""",English,10,19
2004,3,Switzerland,Piero and the MusicStars,"""Celebrate""",English,0,22
2004,4,Latvia,Fomins and Kleins,"""Dziesma par laimi""",Latvian,23,17
2004,5,Israel,David D'Or,"""Leha'amin"" (להאמין)","Hebrew, English",57,11
2004,6,Andorra,Marta Roure,"""Jugarem a estimar-nos""",Catalan,12,18
2004,7,Portugal,Sofia Vitória,"""Foi magia""",Portuguese,38,15
2004,8,Malta,Julie and Ludwig,"""On Again... Off Again""",English,74,8
2004,9,Monaco,Maryon,"""Notre planète""",French,10,19
2004,10,Greece,Sakis Rouvas,"""Shake It""",English,238,3
2004,11,Ukraine,Ruslana,"""Wild Dances""","English, Ukrainian",256,2
2004,12,Lithuania,Linas and Simona,"""What's Happened to Your Love""",English,26,16
2004,13,Albania,Anjeza Shahini,"""The Image of You""",English,167,4
2004,14,Cyprus,Lisa Andreas,"""Stronger Every Minute""",English,149,5
2004,15,Macedonia,Toše Proeski,"""Life""",English,71,10
2004,16,Slovenia,Platin,"""Stay Forever""",English,5,21
2004,17,Estonia,Neiokõsõ,"""Tii""",Võro,57,11
2004,18,Croatia,Ivan Mikulić,"""You Are the Only One""",English,72,9
2004,19,Denmark,Tomas Thordarson,"""Shame on You""",English,56,13
2004,20,Serbia and Montenegro,Željko Joksimović and Ad-Hoc Orchestra,"""Lane moje"" (Лане моје)",Serbian,263,1
2004,21,Bosnia and Herzegovina,Deen,"""In the Disco""",English,133,7
2004,22,Netherlands,Re-Union,"""Without You""",English,146,6
2005,1,Austria,Global.Kryner,"""Y así""","English, Spanish",30,21
2005,2,Lithuania,Laura and the Lovers,"""Little by Little""",English,17,25
2005,3,Portugal,2B,"""Amar""","Portuguese, English",51,17
2005,4,Moldova,Zdob și Zdub,"""Boonika bate toba""","English, Romanian",207,2
2005,5,Latvia,Walters and Kazha,"""The War Is Not Over""",English,85,10
2005,6,Monaco,Lise Darly,"""Tout de moi""",French,22,24
2005,7,Israel,Shiri Maimon,"""HaSheket SheNish'ar"" (השקט שנשאר)","Hebrew, English",158,7
2005,8,Belarus,Angelica Agurbash,"""Love Me Tonight""",English,67,13
2005,9,Netherlands,Glennis Grace,"""My Impossible Dream""",English,53,14
2005,10,Iceland,Selma,"""If I Had Your Love""",English,52,16
2005,11,Belgium,Nuno Resende,"""Le grand soir""",French,29,22
2005,12,Estonia,Suntribe,"""Let's Get Loud""",English,31,20
2005,13,Norway,Wig Wam,"""In My Dreams""",English,164,6
2005,14,Romania,Luminița Anghel and Sistem,"""Let Me Try""",English,235,1
2005,15,Hungary,Nox,"""Forogj, világ""",Hungarian,167,5
2005,16,Finland,Geir Rönning,"""Why""",English,50,18
2005,17,Macedonia,Martin Vučić,"""Make My Day""",English,97,9
2005,18,Andorra,Marian van de Wal,"""La mirada interior""",Catalan,27,23
2005,19,Switzerland,Vanilla Ninja,"""Cool Vibes""",English,114,8
2005,20,Croatia,Boris Novković feat. Lado members,"""Vukovi umiru sami""",Croatian,169,4
2005,21,Bulgaria,Kaffe,"""Lorraine""",English,49,19
2005,22,Ireland,Donna and Joe,"""Love?""",English,53,14
2005,23,Slovenia,Omar Naber,"""Stop""",Slovene,69,12
2005,24,Denmark,Jakob Sveistrup,"""Talking to You""",English,185,3
2005,25,Poland,Ivan and Delfin,"""Czarna dziewczyna""","Polish, Russian",81,11
2006,1,Armenia,André,"""Without Your Love""",English,150,6
2006,2,Bulgaria,Mariana Popova,"""Let Me Cry""",English,36,17
2006,3,Slovenia,Anžej Dežan,"""Mr Nobody""",English,49,16
2006,4,Andorra,Jenny,"""Sense tu""",Catalan,8,23
2006,5,Belarus,Polina Smolova,"""Mum""",English,10,22
2006,6,Albania,Luiz Ejlli,"""Zjarr e ftohtë""",Albanian,58,14
2006,7,Belgium,Kate Ryan,"""Je t'adore""",English,69,12
2006,8,Ireland,Brian Kennedy,"""Every Song Is a Cry for Love""",English,79,9
2006,9,Cyprus,Annet Artani,"""Why Angels Cry""",English,57,15
2006,10,Monaco,Séverine Ferrer,"""La Coco-Dance""","French, Tahitian",14,21
2006,11,Macedonia,Elena Risteska,"""Ninanajna"" (Нинанајна)","English, Macedonian",76,10
2006,12,Poland,Ich Troje,"""Follow My Heart""","English, Polish, German, Russian",70,11
2006,13,Russia,Dima Bilan,"""Never Let You Go""",English,217,3
2006,14,Turkey,Sibel Tüzün,"""Süper Star""",Turkish,91,8
2006,15,Ukraine,Tina Karol,"""Show Me Your Love""",English,146,7
2006,16,Finland,Lordi,"""Hard Rock Hallelujah""",English,292,1
2006,17,Netherlands,Treble,"""Amambanda""","English, Imaginary",22,20
2006,18,Lithuania,LT United,"""We Are the Winners""",English,163,5
2006,19,Portugal,Nonstop,"""Coisas de nada""","Portuguese, English",26,19
2006,20,Sweden,Carola,"""Invincible""",English,214,4
2006,21,Estonia,Sandra,"""Through My Window""",English,28,18
2006,22,Bosnia and Herzegovina,Hari Mata Hari,"""Lejla""",Bosnian,267,2
2006,23,Iceland,Silvía Night,"""Congratulations""",English,62,13
2007,1,Bulgaria,Elitsa Todorova and Stoyan Yankoulov,"""Water""",Bulgarian,146,6
2007,2,Israel,Teapacks,"""Push the Button""","English, French, Hebrew",17,24
2007,3,Cyprus,Evridiki,"""Comme ci, comme ça""",French,65,15
2007,4,Belarus,Koldun,"""Work Your Magic""",English,176,4
2007,5,Iceland,Eiríkur Hauksson,"""Valentine Lost""",English,77,13
2007,6,Georgia,Sopho,"""Visionary Dream""",English,123,8
2007,7,Montenegro,Stevan Faddy,"""'Ajde, kroči"" ('Ајде, крочи)",Montenegrin,33,22
2007,8,Switzerland,DJ BoBo,"""Vampires Are Alive""",English,40,20
2007,9,Moldova,Natalia Barbu,"""Fight""",English,91,10
2007,10,Netherlands,Edsilia Rombley,"""On Top of the World""",English,38,21
2007,11,Albania,Frederik Ndoci,"""Hear My Plea""","English, Albanian",49,17
2007,12,Denmark,DQ,"""Drama Queen""",English,45,19
2007,13,Croatia,Dragonfly feat. Dado Topić,"""Vjerujem u ljubav""","Croatian, English",54,16
2007,14,Poland,The Jet Set,"""Time to Party""",English,75,14
2007,15,Serbia,Marija Šerifović,"""Molitva"" (Молитва)",Serbian,298,1
2007,16,Czech Republic,Kabát,"""Malá dáma""",Czech,1,28
2007,17,Portugal,Sabrina,"""Dança comigo""","Portuguese, English",88,11
2007,18,Macedonia,Karolina,"""Mojot svet"" (Мојот свет)","Macedonian, English",97,9
2007,19,Norway,Guri Schanke,"""Ven a bailar conmigo""",English,48,18
2007,20,Malta,Olivia Lewis,"""Vertigo""",English,15,25
2007,21,Andorra,Anonymous,"""Salvem el món""","Catalan, English",80,12
2007,22,Hungary,Magdi Rúzsa,"""Unsubstantial Blues""",English,224,2
2007,23,Estonia,Gerli Padar,"""Partners in Crime""",English,33,22
2007,24,Belgium,The KMG's,"""LovePower""",English,14,26
2007,25,Slovenia,Alenka Gotar,"""Cvet z juga""",Slovene,140,7
2007,26,Turkey,Kenan Doğulu,"""Shake It Up Şekerim""",English,197,3
2007,27,Austria,Eric Papilaya,"""Get a Life – Get Alive""",English,4,27
2007,28,Latvia,Bonaparti.lv,"""Questa notte""",Italian,168,5
2008,1,Montenegro,Stefan Filipović,"""Zauvijek volim te"" (Заувијек волим те)",Montenegrin,23,14
2008,2,Israel,Boaz,"""The Fire in Your Eyes""",Hebrew,104,5
2008,3,Estonia,Kreisiraadio,"""Leto svet""","Serbian, German, Finnish",8,18
2008,4,Moldova,Geta Burlacu,"""A Century of Love""",English,36,12
2008,5,San Marino,Miodio,"""Complice""",Italian,5,19
2008,6,Belgium,Ishtar,"""O Julissi""",Imaginary,16,17
2008,7,Azerbaijan,Elnur and Samir,"""Day After Day""",English,96,6
2008,8,Slovenia,Rebeka Dremelj,"""Vrag naj vzame""",Slovene,36,11
2008,9,Norway,Maria,"""Hold On Be Strong""",English,106,4
2008,10,Poland,Isis Gee,"""For Life""",English,42,10 ‡
2008,11,Ireland,Dustin the Turkey,"""Irelande Douze Pointe""",English,22,15
2008,12,Andorra,Gisela,"""Casanova""",English,22,16
2008,13,Bosnia and Herzegovina,Laka,"""Pokušaj""",Bosnian,72,9
2008,14,Armenia,Sirusho,"""Qélé, Qélé"" (Քելե Քելե)","English, Armenian",139,2
2008,15,Netherlands,Hind,"""Your Heart Belongs to Me""",English,27,13
2008,16,Finland,Teräsbetoni,"""Missä miehet ratsastaa""",Finnish,79,8
2008,17,Romania,Nico and Vlad,"""Pe-o margine de lume""","Romanian, Italian",94,7
2008,18,Russia,Dima Bilan,"""Believe""",English,135,3
2008,19,Greece,Kalomira,"""Secret Combination""",English,156,1
2009,1,Montenegro,Andrea Demirović,"""Just Get Out of My Life""",English,44,11
2009,2,Czech Republic,Gipsy.cz,"""Aven Romale""","English, Romani",0,18
2009,3,Belgium,Copycat,"""Copycat""",English,1,17
2009,4,Belarus,Petr Elfimov,"""Eyes That Never Lie""",English,25,13
2009,5,Sweden,Malena Ernman,"""La voix""","French, English",105,4
2009,6,Armenia,Inga and Anush,"""Jan Jan"" (Ջան Ջան)","English, Armenian",99,5
2009,7,Andorra,Susanne Georgi,"""La teva decisió (Get a Life)""","Catalan, English",8,15
2009,8,Switzerland,Lovebugs,"""The Highest Heights""",English,15,14
2009,9,Turkey,Hadise,"""Düm Tek Tek""",English,172,2
2009,10,Israel,Noa and Mira Awad,"""There Must Be Another Way""","English, Hebrew, Arabic",75,7
2009,11,Bulgaria,Krassimir Avramov,"""Illusion""",English,7,16
2009,12,Iceland,Yohanna,"""Is It True?""",English,174,1
2009,13,Macedonia,Next Time,"""Nešto što kje ostane"" (Нешто што ќе остане)",Macedonian,45,10
2009,14,Romania,Elena,"""The Balkan Girls""",English,67,9
2009,15,Finland,Waldo's People,"""Lose Control""",English,42,12 ‡
2009,16,Portugal,Flor-de-Lis,"""Todas as ruas do amor""",Portuguese,70,8
2009,17,Malta,Chiara,"""What If We""",English,86,6
2009,18,Bosnia and Herzegovina,Regina,"""Bistra voda""",Bosnian,125,3
2010,1,Moldova,SunStroke Project and Olia Tira,"""Run Away""",English,52,10
2010,2,Russia,Peter Nalitch and Friends,"""Lost and Forgotten""",English,74,7
2010,3,Estonia,Malcolm Lincoln,"""Siren""",English,39,14
2010,4,Slovakia,Kristína,"""Horehronie""",Slovak,24,16
2010,5,Finland,Kuunkuiskaajat,"""Työlki ellää""",Finnish,49,11
2010,6,Latvia,Aisha,"""What For?""",English,11,17
2010,7,Serbia,Milan Stanković,"""Ovo je Balkan"" (Oво je Балкан)",Serbian,79,5
2010,8,Bosnia and Herzegovina,Vukašin Brajić,"""Thunder and Lightning""",English,59,8
2010,9,Poland,Marcin Mroziński,"""Legenda""","English, Polish",44,13
2010,10,Belgium,Tom Dice,"""Me and My Guitar""",English,167,1
2010,11,Malta,Thea Garrett,"""My Dream""",English,45,12
2010,12,Albania,Juliana Pasha,"""It's All About You""",English,76,6
2010,13,Greece,Giorgos Alkaios and Friends,"""Opa"" (Ώπα)",Greek,133,2
2010,14,Portugal,Filipa Azevedo,"""Há dias assim""",Portuguese,89,4
2010,15,Macedonia,Gjoko Taneski,"""Jas ja imam silata"" (Јас ја имам силата)",Macedonian,37,15
2010,16,Belarus,3+2 feat. Robert Wells,"""Butterflies""",English,59,9
2010,17,Iceland,Hera Björk,"""Je ne sais quoi""",English,123,3
2011,1,Poland,Magdalena Tul,"""Jestem""",Polish,18,19
2011,2,Norway,Stella Mwangi,"""Haba Haba""","English, Swahili",30,17
2011,3,Albania,Aurela Gaçe,"""Feel the Passion""",English,47,14
2011,4,Armenia,Emmy,"""Boom Boom""",English,54,12
2011,5,Turkey,Yüksek Sadakat,"""Live It Up""",English,47,13
2011,6,Serbia,Nina,"""Čaroban"" (Чаробан)",Serbian,67,8
2011,7,Russia,Alexey Vorobyov,"""Get You""","English, Russian",64,9
2011,8,Switzerland,Anna Rossinelli,"""In Love for a While""",English,55,10
2011,9,Georgia,Eldrine,"""One More Day""",English,74,6
2011,10,Finland,Paradise Oskar,"""Da Da Dam""",English,103,3
2011,11,Malta,Glen Vella,"""One Life""",English,54,11
2011,12,San Marino,Senit,"""Stand By""",English,34,16
2011,13,Croatia,Daria,"""Celebrate""",English,41,15
2011,14,Iceland,Sjonni's Friends,"""Coming Home""",English,100,4
2011,15,Hungary,Kati Wolf,"""What About My Dreams?""","English, Hungarian",72,7
2011,16,Portugal,Homens da Luta,"""A luta é alegria""",Portuguese,22,18
2011,17,Lithuania,Evelina Sašenko,"""C'est ma vie""",English,81,5
2011,18,Azerbaijan,Ell and Nikki,"""Running Scared""",English,122,2
2011,19,Greece,Loukas Yorkas feat. Stereo Mike,"""Watch My Dance""","English, Greek",133,1
2012,1,Montenegro,Rambo Amadeus,"""Euro Neuro""",English,20,15
2012,2,Iceland,Greta Salóme and Jónsi,"""Never Forget""",English,75,8
2012,3,Greece,Eleftheria Eleftheriou,"""Aphrodisiac""",English,116,4
2012,4,Latvia,Anmary,"""Beautiful Song""",English,17,16
2012,5,Albania,Rona Nishliu,"""Suus""",Albanian,146,2
2012,6,Romania,Mandinga,"""Zaleilah""","Spanish, English",120,3
2012,7,Switzerland,Sinplus,"""Unbreakable""",English,45,11
2012,8,Belgium,Iris,"""Would You?""",English,16,17
2012,9,Finland,Pernilla,"""När jag blundar""",Swedish,41,12
2012,10,Israel,Izabo,"""Time""","English, Hebrew",33,13
2012,11,San Marino,Valentina Monetta,"""The Social Network Song (Oh Oh – Uh - Oh Oh)""",English,31,14
2012,12,Cyprus,Ivi Adamou,"""La La Love""",English,91,7
2012,13,Denmark,Soluna Samay,"""Should've Known Better""",English,63,9
2012,14,Russia,Buranovskiye Babushki,"""Party for Everybody""","Udmurt, English",152,1
2012,15,Hungary,Compact Disco,"""Sound of Our Hearts""",English,52,10
2012,16,Austria,Trackshittaz,"""Woki mit deim Popo""",German,8,18
2012,17,Moldova,Pasha Parfeny,"""Lăutar""",English,100,5
2012,18,Ireland,Jedward,"""Waterline""",English,92,6
2013,1,Austria,Natália Kelly,"""Shine""",English,27,14
2013,2,Estonia,Birgit,"""Et uus saaks alguse""",Estonian,52,10
2013,3,Slovenia,Hannah,"""Straight into Love""",English,8,16
2013,4,Croatia,Klapa s Mora,"""Mižerja""",Croatian,38,13
2013,5,Denmark,Emmelie de Forest,"""Only Teardrops""",English,167,1
2013,6,Russia,Dina Garipova,"""What If""",English,156,2
2013,7,Ukraine,Zlata Ognevich,"""Gravity""",English,140,3
2013,8,Netherlands,Anouk,"""Birds""",English,75,6
2013,9,Montenegro,Who See,"""Igranka"" (Игранка)",Montenegrin,41,12
2013,10,Lithuania,Andrius Pojavis,"""Something""",English,53,9
2013,11,Belarus,Alyona Lanskaya,"""Solayoh""",English,64,7
2013,12,Moldova,Aliona Moon,"""O mie""",Romanian,95,4
2013,13,Ireland,Ryan Dolan,"""Only Love Survives""",English,54,8
2013,14,Cyprus,Despina Olympiou,"""An me thimasai"" (Aν με θυμάσαι)",Greek,11,15
2013,15,Belgium,Roberto Bellarosa,"""Love Kills""",English,75,5
2013,16,Serbia,Moje 3,"""Ljubav je svuda"" (Љубав је свуда)",Serbian,46,11
2014,1,Armenia,Aram Mp3,"""Not Alone""",English,121,4
2014,2,Latvia,Aarzemnieki,"""Cake to Bake""",English,33,13
2014,3,Estonia,Tanja,"""Amazing""",English,36,12
2014,4,Sweden,Sanna Nielsen,"""Undo""",English,131,2
2014,5,Iceland,Pollapönk,"""No Prejudice""",English,61,8
2014,6,Albania,Hersi,"""One Night's Anger""",English,22,15
2014,7,Russia,Tolmachevy Sisters,"""Shine""",English,63,6
2014,8,Azerbaijan,Dilara Kazimova,"""Start a Fire""",English,57,9
2014,9,Ukraine,Mariya Yaremchuk,"""Tick-Tock""",English,118,5
2014,10,Belgium,Axel Hirsoux,"""Mother""",English,28,14
2014,11,Moldova,Cristina Scarlat,"""Wild Soul""",English,13,16
2014,12,San Marino,Valentina Monetta,"""Maybe""",English,40,10
2014,13,Portugal,Suzy,"""Quero ser tua""",Portuguese,39,11
2014,14,Netherlands,The Common Linnets,"""Calm After the Storm""",English,150,1
2014,15,Montenegro,Sergej Ćetković,"""Moj svijet"" (Мој свијет)",Montenegrin,63,7
2014,16,Hungary,András Kállay-Saunders,"""Running""",English,127,3
2015,1,Moldova,Eduard Romanyuta,"""I Want Your Love""",English,41,11
2015,2,Armenia,Genealogy,"""Face the Shadow""",English,77,7
2015,3,Belgium,Loïc Nottet,"""Rhythm Inside""",English,149,2
2015,4,Netherlands,Trijntje Oosterhuis,"""Walk Along""",English,33,14
2015,5,Finland,Pertti Kurikan Nimipäivät,"""Aina mun pitää""",Finnish,13,16
2015,6,Greece,Maria Elena Kyriakou,"""One Last Breath""",English,81,6
2015,7,Estonia,Elina Born and Stig Rästa,"""Goodbye to Yesterday""",English,105,3
2015,8,Macedonia,Daniel Kajmakoski,"""Autumn Leaves""",English,28,15
2015,9,Serbia,Bojana Stamenov,"""Beauty Never Lies""",English,63,9
2015,10,Hungary,Boggie,"""Wars for Nothing""",English,67,8
2015,11,Belarus,Uzari and Maimuna,"""Time""",English,39,12
2015,12,Russia,Polina Gagarina,"""A Million Voices""",English,182,1
2015,13,Denmark,Anti Social Media,"""The Way You Are""",English,33,13
2015,14,Albania,Elhaida Dani,"""I'm Alive""",English,62,10
2015,15,Romania,Voltaj,"""De la capăt""","Romanian, English",89,5
2015,16,Georgia,Nina Sublatti,"""Warrior""",English,98,4
2016,1,Finland,Sandhja,"""Sing It Away""",English,51,15
2016,2,Greece,Argo,"""Utopian Land""","English, Greek",44,16
2016,3,Moldova,Lidia Isac,"""Falling Stars""",English,33,17
2016,4,Hungary,Freddie,"""Pioneer""",English,197,4
2016,5,Croatia,Nina Kraljić,"""Lighthouse""",English,133,10
2016,6,Netherlands,Douwe Bob,"""Slow Down""",English,197,5
2016,7,Armenia,Iveta Mukuchyan,"""LoveWave""",English,243,2
2016,8,San Marino,Serhat,"""I Didn't Know""",English,68,12
2016,9,Russia,Sergey Lazarev,"""You Are the Only One""",English,342,1
2016,10,Czech Republic,Gabriela Gunčíková,"""I Stand""",English,161,9
2016,11,Cyprus,Minus One,"""Alter Ego""",English,164,8
2016,12,Austria,Zoë,"""Loin d'ici""",French,170,7
2016,13,Estonia,Jüri Pootsmann,"""Play""",English,24,18
2016,14,Azerbaijan,Samra,"""Miracle""",English,185,6
2016,15,Montenegro,Highway,"""The Real Thing""",English,60,13
2016,16,Iceland,Greta Salóme,"""Hear Them Calling""",English,51,14
2016,17,Bosnia and Herzegovina,Dalal and Deen feat. Ana Rucner and Jala,"""Ljubav je""",Bosnian,104,11
2016,18,Malta,Ira Losco,"""Walk on Water""",English,209,3
2017,1,Sweden,Robin Bengtsson,"""I Can't Go On""",English,227,3
2017,2,Georgia,Tamara Gachechiladze,"""Keep the Faith""",English,99,11
2017,3,Australia,Isaiah,"""Don't Come Easy""",English,160,6
2017,4,Albania,Lindita,"""World""",English,76,14
2017,5,Belgium,Blanche,"""City Lights""",English,165,4
2017,6,Montenegro,Slavko Kalezić,"""Space""",English,56,16
2017,7,Finland,Norma John,"""Blackbird""",English,92,12
2017,8,Azerbaijan,Dihaj,"""Skeletons""",English,150,8
2017,9,Portugal,Salvador Sobral,"""Amar pelos dois""",Portuguese,370,1
2017,10,Greece,Demy,"""This Is Love""",English,115,10
2017,11,Poland,Kasia Moś,"""Flashlight""",English,119,9
2017,12,Moldova,SunStroke Project,"""Hey Mamma""",English,291,2
2017,13,Iceland,Svala,"""Paper""",English,60,15
2017,14,Czech Republic,Martina Bárta,"""My Turn""",English,83,13
2017,15,Cyprus,Hovig,"""Gravity""",English,164,5
2017,16,Armenia,Artsvik,"""Fly with Me""",English,152,7
2017,17,Slovenia,Omar Naber,"""On My Way""",English,36,17
2017,18,Latvia,Triana Park,"""Line""",English,21,18
2018,1,Azerbaijan,Aisel,"""X My Heart""",English,94,11
2018,2,Iceland,Ari Ólafsson,"""Our Choice""",English,15,19
2018,3,Albania,Eugent Bushpepa,"""Mall""",Albanian,162,8
2018,4,Belgium,Sennek,"""A Matter of Time""",English,91,12
2018,5,Czech Republic,Mikolas Josef,"""Lie to Me""",English,232,3
2018,6,Lithuania,Ieva Zasimauskaitė,"""When We're Old""",English,119,9
2018,7,Israel,Netta,"""Toy""",English,283,1
2018,8,Belarus,Alekseev,"""Forever""",English,65,16
2018,9,Estonia,Elina Nechayeva,"""La forza""",Italian,201,5
2018,10,Bulgaria,Equinox,"""Bones""",English,177,7
2018,11,Macedonia,Eye Cue,"""Lost and Found""",English,24,18
2018,12,Croatia,Franka,"""Crazy""",English,63,17
2018,13,Austria,Cesár Sampson,"""Nobody but You""",English,231,4
2018,14,Greece,Yianna Terzi,"""Oniro mou"" (Όνειρό μου)",Greek,81,14
2018,15,Finland,Saara Aalto,"""Monsters""",English,108,10
2018,16,Armenia,Sevak Khanagyan,"""Qami"" (Քամի)",Armenian,79,15
2018,17,Switzerland,Zibbz,"""Stones""",English,86,13
2018,18,Ireland,Ryan O'Shaughnessy,"""Together""",English,179,6
2018,19,Cyprus,Eleni Foureira,"""Fuego""",English,262,2
2019,1,Cyprus,Tamta,"""Replay""",English,149,9
2019,2,Montenegro,D mol,"""Heaven""",English,46,16
2019,3,Finland,Darude feat. Sebastian Rejman,"""Look Away""",English,23,17
2019,4,Poland,Tulia,"""Fire of Love (Pali się)""","Polish, English",120,11
2019,5,Slovenia,Zala Kralj and Gašper Šantl,"""Sebi""",Slovene,167,6
2019,6,Czech Republic,Lake Malawi,"""Friend of a Friend""",English,242,2
2019,7,Hungary,Joci Pápai,"""Az én apám""",Hungarian,97,12
2019,8,Belarus,Zena,"""Like It""",English,122,10
2019,9,Serbia,Nevena Božović,"""Kruna"" (Круна)",Serbian,156,7
2019,10,Belgium,Eliot,"""Wake Up""",English,70,13
2019,11,Georgia,Oto Nemsadze,"""Keep On Going""",Georgian,62,14
2019,12,Australia,Kate Miller-Heidke,"""Zero Gravity""",English,261,1
2019,13,Iceland,Hatari,"""Hatrið mun sigra""",Icelandic,221,3
2019,14,Estonia,Victor Crone,"""Storm""",English,198,4
2019,15,Portugal,Conan Osíris,"""Telemóveis""",Portuguese,51,15
2019,16,Greece,Katerine Duska,"""Better Love""",English,185,5
2019,17,San Marino,Serhat,"""Say Na Na Na""",English,150,8
2020,1,Sweden,The Mamas,"""Move""",English
2020,2,Belarus,VAL,"""Da vidna"" (Да відна)",Belarusian
2020,3,Australia,Montaigne,"""Don't Break Me""",English
2020,4,North Macedonia,Vasil,"""You""",English
2020,5,Slovenia,Ana Soklič,"""Voda""",Slovene
2020,6,Lithuania,The Roop,"""On Fire""",English
2020,7,Ireland,Lesley Roy,"""Story of My Life""",English
2020,8,Russia,Little Big,"""Uno""","English, Spanish"
2020,9,Belgium,Hooverphonic,"""Release Me""",English
2020,10,Malta,Destiny,"""All of My Love""",English
2020,11,Croatia,Damir Kedžo,"""Divlji vjetre""",Croatian
2020,12,Azerbaijan,Efendi,"""Cleopatra""",English
2020,13,Cyprus,Sandro,"""Running""",English
2020,14,Norway,Ulrikke,"""Attention""",English
2020,15,Israel,Eden Alene,"""Feker Libi"" (ፍቅር ልቤ)","English, Amharic"
2020,16,Romania,Roxen,"""Alcohol You""",English
2020,17,Ukraine,Go_A,"""Solovey"" (Соловей)",Ukrainian
2021,1,Lithuania,The Roop,"""Discoteque""",English,203,4
2021,2,Slovenia,Ana Soklič,"""Amen""",English,44,13
2021,3,Russia,Manizha,"""Russian Woman""","Russian, English",225,3
2021,4,Sweden,Tusse,"""Voices""",English,142,7
2021,5,Australia,Montaigne,"""Technicolour""",English,28,14
2021,6,North Macedonia,Vasil,"""Here I Stand""",English,23,15
2021,7,Ireland,Lesley Roy,"""Maps""",English,20,16
2021,8,Cyprus,Elena Tsagrinou,"""El Diablo""",English,170,6
2021,9,Norway,Tix,"""Fallen Angel""",English,115,10
2021,10,Croatia,Albina,"""Tick-Tock""","English, Croatian",110,11
2021,11,Belgium,Hooverphonic,"""The Wrong Place""",English,117,9
2021,12,Israel,Eden Alene,"""Set Me Free""",English,192,5
2021,13,Romania,Roxen,"""Amnesia""",English,85,12
2021,14,Azerbaijan,Efendi,"""Mata Hari""",English,138,8
2021,15,Ukraine,Go_A,"""Shum"" (Шум)",Ukrainian,267,2
2021,16,Malta,Destiny,"""Je me casse""",English,325,1
2022,1,Albania,Ronela Hajati,"""Sekret""","Albanian, English",58,12
2022,2,Latvia,Citi Zēni,"""Eat Your Salad""",English,55,14
2022,3,Lithuania,Monika Liu,"""Sentimentai""",Lithuanian,159,7
2022,4,Switzerland,Marius Bear,"""Boys Do Cry""",English,118,9
2022,5,Slovenia,LPS,"""Disko""",Slovene,15,17
2022,6,Ukraine,Kalush Orchestra,"""Stefania"" (Стефанія)",Ukrainian,337,1
2022,7,Bulgaria,Intelligent Music Project,"""Intention""",English,29,16
2022,8,Netherlands,S10,"""De diepte""",Dutch,221,2
2022,9,Moldova,Zdob și Zdub and Advahov Brothers,"""Trenulețul""","Romanian, English",154,8
2022,10,Portugal,Maro,"""Saudade, saudade""","English, Portuguese",208,4
2022,11,Croatia,Mia Dimšić,"""Guilty Pleasure""","English, Croatian",75,11
2022,12,Denmark,Reddi,"""The Show""",English,55,13
2022,13,Austria,Lumix feat. Pia Maria,"""Halo""",English,42,15
2022,14,Iceland,Systur,"""Með hækkandi sól""",Icelandic,103,10
2022,15,Greece,Amanda Georgiadi Tenfjord,"""Die Together""",English,211,3
2022,16,Norway,Subwoolfer,"""Give That Wolf a Banana""",English,177,6
2022,17,Armenia,Rosa Linn,"""Snap""",English,187,5
